{
  "optimal_params": {
    "epsilon": 1e-06,
    "gamma": 1.0,
    "nbeta": 0.8207331788168325,
    "llc_mean": 0.09576565027236938,
    "llc_std": 0.03847767412662506,
    "llc_std_over_mean": 0.4126271903514862,
    "beta_source": "tuned",
    "gamma_source": "fixed_config",
    "mala_acceptance": 0.9532126188278198
  },
  "calibration_epsilons": [
    1e-06,
    1e-05,
    0.0001,
    0.001
  ],
  "calibration_gammas": [
    1.0,
    10.0,
    100.0,
    200.0
  ]
}