{
  "model_name": "ResNet18",
  "dataset_name": "CIFAR10",
  "defense_method": "AT",
  "checkpoint_dir": "./models/ResNet18_AT/epoch_iter",
  "num_checkpoints": 10,
  "optimal_params": {
    "epsilon": 1e-06,
    "gamma": 1.0,
    "nbeta": 0.8207331788168325,
    "llc_mean": 31.6957950592041,
    "llc_std": 3.5758862495422363,
    "llc_std_over_mean": 0.13664282858371735,
    "beta_source": "tuned",
    "gamma_source": "fixed_config",
    "mala_acceptance": 0.6197894811630249
  },
  "adversarial_config": {
    "attack": "pgd",
    "eps": 0.03137254901960784,
    "steps": 10
  },
  "clean_trajectory": {
    "checkpoint_names": [
      "checkpoint_0",
      "checkpoint_1",
      "checkpoint_2",
      "checkpoint_3",
      "checkpoint_4",
      "checkpoint_5",
      "checkpoint_6",
      "checkpoint_7",
      "checkpoint_8",
      "checkpoint_9"
    ],
    "llc_means": [
      0.11705422401428223,
      0.4874747097492218,
      0.5692279934883118,
      1.0728983879089355,
      1.303157091140747,
      5.663518905639648,
      15.244741439819336,
      15.698966026306152,
      25.400890350341797,
      28.910058975219727
    ],
    "llc_stds": [
      0.012869670055806637,
      0.02538258023560047,
      0.023453032597899437,
      0.08227446675300598,
      0.10155642777681351,
      0.3970814347267151,
      1.377402663230896,
      2.0468969345092773,
      2.577061653137207,
      1.7486863136291504
    ],
    "mala_rates": [
      0.8572832942008972,
      0.8320566415786743,
      0.8524854779243469,
      0.8398585915565491,
      0.8695261478424072,
      0.7866043448448181,
      0.7420135140419006,
      0.7626482844352722,
      0.6847348213195801,
      0.612884521484375
    ],
    "hyperparams": {
      "epsilon": 1e-06,
      "gamma": 1.0,
      "nbeta": 0.8207331788168325,
      "llc_mean": 31.6957950592041,
      "llc_std": 3.5758862495422363,
      "llc_std_over_mean": 0.13664282858371735,
      "beta_source": "tuned",
      "gamma_source": "fixed_config",
      "mala_acceptance": 0.6197894811630249
    }
  },
  "adversarial_trajectory": {
    "checkpoint_names": [
      "checkpoint_0",
      "checkpoint_1",
      "checkpoint_2",
      "checkpoint_3",
      "checkpoint_4",
      "checkpoint_5",
      "checkpoint_6",
      "checkpoint_7",
      "checkpoint_8",
      "checkpoint_9"
    ],
    "llc_means": [
      null,
      null,
      null,
      null,
      null,
      null,
      null,
      null,
      null,
      null
    ],
    "llc_stds": [
      null,
      null,
      null,
      null,
      null,
      null,
      null,
      null,
      null,
      null
    ],
    "mala_rates": [
      null,
      null,
      null,
      null,
      null,
      null,
      null,
      null,
      null,
      null
    ],
    "hyperparams": {
      "epsilon": 1e-06,
      "gamma": 1.0,
      "nbeta": 0.8207331788168325,
      "llc_mean": 31.6957950592041,
      "llc_std": 3.5758862495422363,
      "llc_std_over_mean": 0.13664282858371735,
      "beta_source": "tuned",
      "gamma_source": "fixed_config",
      "mala_acceptance": 0.6197894811630249
    }
  },
  "checkpoint_names": [
    "checkpoint_0",
    "checkpoint_1",
    "checkpoint_2",
    "checkpoint_3",
    "checkpoint_4",
    "checkpoint_5",
    "checkpoint_6",
    "checkpoint_7",
    "checkpoint_8",
    "checkpoint_9"
  ]
}