{
  "checkpoint_names": [
    "checkpoint_0",
    "checkpoint_1",
    "checkpoint_2",
    "checkpoint_3",
    "checkpoint_4",
    "checkpoint_5",
    "checkpoint_6",
    "checkpoint_7",
    "checkpoint_8",
    "checkpoint_9",
    "checkpoint_10",
    "checkpoint_11",
    "checkpoint_12",
    "checkpoint_13",
    "checkpoint_14",
    "checkpoint_15",
    "checkpoint_16",
    "checkpoint_17",
    "checkpoint_18",
    "checkpoint_19"
  ],
  "llc_means": [
    0.0034025299828499556,
    0.0032653070520609617,
    20.8792781829834,
    0.4834015369415283,
    0.7977111339569092,
    0.6762776970863342,
    0.9253355264663696,
    1.2523846626281738,
    0.7372073531150818,
    0.935855507850647,
    1.0800755023956299,
    2.846076250076294,
    6.977235317230225,
    11.69762897491455,
    11.340400695800781,
    8.665103912353516,
    14.90003776550293,
    10.016129493713379,
    12.518291473388672,
    15.898362159729004
  ],
  "llc_stds": [
    0.0016174897318705916,
    0.0024114667903631926,
    1.0223373174667358,
    0.029693443328142166,
    0.10497626662254333,
    0.19215178489685059,
    0.13343754410743713,
    0.12384820729494095,
    0.13438692688941956,
    0.1891556829214096,
    0.16027717292308807,
    0.47131064534187317,
    0.7180623412132263,
    1.0328036546707153,
    1.2737672328948975,
    0.8851019740104675,
    0.9274311661720276,
    1.3954589366912842,
    1.068466067314148,
    1.922040343284607
  ],
  "mala_rates": [
    null,
    null,
    null,
    null,
    null,
    null,
    null,
    null,
    null,
    null,
    null,
    null,
    null,
    null,
    0.7804866433143616,
    0.8469382524490356,
    0.7625974416732788,
    0.7979294061660767,
    0.7587752938270569,
    0.7673265337944031
  ],
  "hyperparams": {
    "epsilon": 1e-06,
    "gamma": 1.0,
    "nbeta": 0.8207331788168325,
    "llc_mean": 26.203203201293945,
    "llc_std": 6.557259559631348,
    "llc_std_over_mean": 0.2130042165517807,
    "beta_source": "tuned",
    "gamma_source": "fixed_config",
    "mala_acceptance": 0.7107307314872742
  }
}