{
  "checkpoint_names": [
    "checkpoint_0",
    "checkpoint_1",
    "checkpoint_2",
    "checkpoint_3",
    "checkpoint_4",
    "checkpoint_5",
    "checkpoint_6",
    "checkpoint_7",
    "checkpoint_8",
    "checkpoint_9"
  ],
  "llc_means": [
    84.16494750976562,
    83.59011840820312,
    83.68787384033203,
    89.80030059814453,
    84.79194641113281,
    95.80308532714844,
    93.40994262695312,
    91.95531463623047,
    86.87239074707031,
    93.02916717529297
  ],
  "llc_stds": [
    8.270975112915039,
    8.033451080322266,
    11.580700874328613,
    10.571836471557617,
    8.168150901794434,
    10.720367431640625,
    10.924236297607422,
    10.971320152282715,
    10.39734172821045,
    9.382181167602539
  ],
  "mala_rates": [
    0.35220950841903687,
    0.4044301509857178,
    0.39588382840156555,
    0.38081541657447815,
    0.3890397548675537,
    0.3703790307044983,
    0.4088740050792694,
    0.41487324237823486,
    0.40922877192497253,
    0.3126087784767151
  ],
  "hyperparams": {
    "epsilon": 9.999999999999999e-05,
    "gamma": 100.0,
    "nbeta": 82.07331788168325,
    "llc_mean": 11.759598731994629,
    "llc_std_over_mean": 0.1335648149251938
  },
  "model_name": "LeNet",
  "dataset_name": "MNIST",
  "defense_method": "AT",
  "checkpoint_dir": "./models/LeNet_AT_quick/checkpoints",
  "num_checkpoints": 10,
  "optimal_params": {
    "epsilon": 9.999999999999999e-05,
    "gamma": 100.0,
    "nbeta": 82.07331788168325,
    "llc_mean": 11.759598731994629,
    "llc_std_over_mean": 0.1335648149251938
  }
}