{
  "checkpoint_names": [
    "checkpoint_0",
    "checkpoint_1",
    "checkpoint_2",
    "checkpoint_3",
    "checkpoint_4",
    "checkpoint_5",
    "checkpoint_6",
    "checkpoint_7",
    "checkpoint_8",
    "checkpoint_9"
  ],
  "llc_means": [
    0.38374564051628113,
    0.3893747329711914,
    0.26178091764450073,
    0.26006901264190674,
    0.22489683330059052,
    0.3858092427253723,
    0.4437953233718872,
    0.4568344056606293,
    0.3975583612918854,
    0.4496006667613983
  ],
  "llc_stds": [
    0.0236198790371418,
    0.018171796575188637,
    0.0144405048340559,
    0.015628015622496605,
    0.02085566334426403,
    0.020222121849656105,
    0.019320277497172356,
    0.021869508549571037,
    0.019294437021017075,
    0.032446909695863724
  ],
  "mala_rates": [
    0.9696170091629028,
    0.9673036932945251,
    0.9709814786911011,
    0.9702678918838501,
    0.9708669185638428,
    0.96965491771698,
    0.9679136276245117,
    0.9680922031402588,
    0.9686906337738037,
    0.9678292870521545
  ],
  "hyperparams": {
    "epsilon": 1e-06,
    "gamma": 1.0,
    "nbeta": 0.8207331788168325,
    "llc_mean": 0.02955300733447075,
    "llc_std": 0.011636266484856606,
    "llc_std_over_mean": 0.466448038816452,
    "beta_source": "tuned",
    "gamma_source": "fixed_config",
    "mala_acceptance": 0.9578567743301392
  },
  "model_name": "LeNet",
  "dataset_name": "MNIST",
  "defense_method": "AT",
  "checkpoint_dir": "./models/LeNet_AT/epoch_iter/",
  "num_checkpoints": 10,
  "optimal_params": {
    "epsilon": 1e-06,
    "gamma": 1.0,
    "nbeta": 0.8207331788168325,
    "llc_mean": 0.02955300733447075,
    "llc_std": 0.011636266484856606,
    "llc_std_over_mean": 0.466448038816452,
    "beta_source": "tuned",
    "gamma_source": "fixed_config",
    "mala_acceptance": 0.9578567743301392
  },
  "data_split": "train",
  "data_loader_size": 60000
}