{
  "checkpoint_names": [
    "checkpoint_0",
    "checkpoint_1",
    "checkpoint_2",
    "checkpoint_3",
    "checkpoint_4",
    "checkpoint_5",
    "checkpoint_6",
    "checkpoint_7",
    "checkpoint_8",
    "checkpoint_9"
  ],
  "llc_means": [
    0.04898542910814285,
    0.5436166524887085,
    0.5847836136817932,
    1.2743664979934692,
    1.3394192457199097,
    6.3571600914001465,
    12.6309814453125,
    18.655977249145508,
    22.696754455566406,
    30.52869415283203
  ],
  "llc_stds": [
    0.012632251717150211,
    0.025079788640141487,
    0.04760967567563057,
    0.13732078671455383,
    0.18368864059448242,
    0.4103987216949463,
    0.9678515791893005,
    1.282470941543579,
    2.757598638534546,
    3.746234178543091
  ],
  "mala_rates": [
    0.8840466141700745,
    0.8452287912368774,
    0.8351975083351135,
    0.8098227977752686,
    0.8366018533706665,
    0.8021738529205322,
    0.7835578322410583,
    0.7039045095443726,
    0.6742728352546692,
    0.634326159954071
  ],
  "hyperparams": {
    "epsilon": 1e-06,
    "gamma": 1.0,
    "nbeta": 0.8207331788168325,
    "llc_mean": 28.185897827148438,
    "llc_std": 3.137362003326416,
    "llc_std_over_mean": 0.13722267746925354,
    "beta_source": "tuned",
    "gamma_source": "fixed_config",
    "mala_acceptance": 0.6086564064025879
  }
}