{
  "checkpoint_names": [
    "checkpoint_0",
    "checkpoint_1",
    "checkpoint_2",
    "checkpoint_3",
    "checkpoint_4",
    "checkpoint_5",
    "checkpoint_6",
    "checkpoint_7",
    "checkpoint_8",
    "checkpoint_9",
    "checkpoint_10",
    "checkpoint_11",
    "checkpoint_12",
    "checkpoint_13",
    "checkpoint_14",
    "checkpoint_15",
    "checkpoint_16",
    "checkpoint_17",
    "checkpoint_18",
    "checkpoint_19"
  ],
  "llc_means": [
    -0.0005567020853050053,
    -0.09532686322927475,
    -0.15667566657066345,
    -0.05351996794342995,
    -0.15335816144943237,
    -0.000930758542381227,
    -0.11484009027481079,
    -0.10975701361894608,
    -0.24553577601909637,
    0.07214070111513138,
    -0.002993307076394558,
    -0.07500579208135605,
    -0.26017916202545166,
    -0.007480978965759277,
    0.5289187431335449,
    0.8647251129150391,
    1.1821980476379395,
    3.072506904602051,
    2.9388222694396973,
    6.171396255493164
  ],
  "llc_stds": [
    0.0015292379539459944,
    0.02662404254078865,
    0.03271530941128731,
    0.020977769047021866,
    0.021274447441101074,
    0.0356934480369091,
    0.026453714817762375,
    0.030306179076433182,
    0.043889548629522324,
    0.02788691222667694,
    0.0361589677631855,
    0.03344781696796417,
    0.03085891529917717,
    0.04494680091738701,
    0.12336216866970062,
    0.2410309612751007,
    0.18005359172821045,
    0.6753608584403992,
    0.4150887727737427,
    0.5219252109527588
  ],
  "mala_rates": [
    null,
    null,
    null,
    null,
    null,
    null,
    null,
    null,
    null,
    null,
    null,
    null,
    null,
    null,
    null,
    null,
    0.8122928142547607,
    0.8171579837799072,
    0.800721287727356,
    0.8220275640487671
  ],
  "hyperparams": {
    "epsilon": 1e-06,
    "gamma": 1.0,
    "nbeta": 0.8207331788168325,
    "llc_mean": 9.500530242919922,
    "llc_std": 2.907871723175049,
    "llc_std_over_mean": 0.2651303708553314,
    "beta_source": "tuned",
    "gamma_source": "fixed_config",
    "mala_acceptance": 0.7729735374450684
  }
}