{
  "0": {
    "checkpoint": "00001_00000.pth",
    "effective_dimensionality": 15.78215503692627,
    "max_eigenvalue": 11.238391876220703,
    "num_eigenvalues": 50
  },
  "1": {
    "checkpoint": "00011_00000.pth",
    "effective_dimensionality": 12.296978950500488,
    "max_eigenvalue": 4.740959644317627,
    "num_eigenvalues": 50
  },
  "2": {
    "checkpoint": "00021_00000.pth",
    "effective_dimensionality": 10.099706649780273,
    "max_eigenvalue": 3.3462774753570557,
    "num_eigenvalues": 50
  },
  "3": {
    "checkpoint": "00031_00000.pth",
    "effective_dimensionality": 10.35084342956543,
    "max_eigenvalue": 3.2900187969207764,
    "num_eigenvalues": 50
  },
  "4": {
    "checkpoint": "00041_00000.pth",
    "effective_dimensionality": 11.147421836853027,
    "max_eigenvalue": 4.090195178985596,
    "num_eigenvalues": 50
  },
  "5": {
    "checkpoint": "00051_00000.pth",
    "effective_dimensionality": 9.554469108581543,
    "max_eigenvalue": 2.422861337661743,
    "num_eigenvalues": 50
  },
  "6": {
    "checkpoint": "00061_00000.pth",
    "effective_dimensionality": 9.554890632629395,
    "max_eigenvalue": 2.4714348316192627,
    "num_eigenvalues": 50
  },
  "7": {
    "checkpoint": "00071_00000.pth",
    "effective_dimensionality": 9.980053901672363,
    "max_eigenvalue": 2.711291790008545,
    "num_eigenvalues": 50
  },
  "8": {
    "checkpoint": "00081_00000.pth",
    "effective_dimensionality": 10.199721336364746,
    "max_eigenvalue": 2.8079113960266113,
    "num_eigenvalues": 50
  },
  "9": {
    "checkpoint": "00091_00000.pth",
    "effective_dimensionality": 10.257394790649414,
    "max_eigenvalue": 2.8322558403015137,
    "num_eigenvalues": 50
  }
}