{
  "0": {
    "checkpoint": "00001_00000.pth",
    "effective_dimensionality": 15.743440628051758,
    "max_eigenvalue": 11.24207592010498,
    "num_eigenvalues": 50
  },
  "1": {
    "checkpoint": "00011_00000.pth",
    "effective_dimensionality": 12.27830696105957,
    "max_eigenvalue": 4.738773345947266,
    "num_eigenvalues": 50
  },
  "2": {
    "checkpoint": "00021_00000.pth",
    "effective_dimensionality": 10.071958541870117,
    "max_eigenvalue": 3.3468360900878906,
    "num_eigenvalues": 50
  },
  "3": {
    "checkpoint": "00031_00000.pth",
    "effective_dimensionality": 10.361085891723633,
    "max_eigenvalue": 3.289843797683716,
    "num_eigenvalues": 50
  },
  "4": {
    "checkpoint": "00041_00000.pth",
    "effective_dimensionality": 11.202797889709473,
    "max_eigenvalue": 4.086972713470459,
    "num_eigenvalues": 50
  },
  "5": {
    "checkpoint": "00051_00000.pth",
    "effective_dimensionality": 9.539590835571289,
    "max_eigenvalue": 2.418517589569092,
    "num_eigenvalues": 50
  },
  "6": {
    "checkpoint": "00061_00000.pth",
    "effective_dimensionality": 9.551664352416992,
    "max_eigenvalue": 2.471144199371338,
    "num_eigenvalues": 50
  },
  "7": {
    "checkpoint": "00071_00000.pth",
    "effective_dimensionality": 9.970555305480957,
    "max_eigenvalue": 2.7111127376556396,
    "num_eigenvalues": 50
  },
  "8": {
    "checkpoint": "00081_00000.pth",
    "effective_dimensionality": 10.202533721923828,
    "max_eigenvalue": 2.8068830966949463,
    "num_eigenvalues": 50
  },
  "9": {
    "checkpoint": "00091_00000.pth",
    "effective_dimensionality": 10.252365112304688,
    "max_eigenvalue": 2.833219051361084,
    "num_eigenvalues": 50
  }
}