{
  "checkpoint_names": [
    "checkpoint_0",
    "checkpoint_1",
    "checkpoint_2",
    "checkpoint_3",
    "checkpoint_4",
    "checkpoint_5",
    "checkpoint_6",
    "checkpoint_7",
    "checkpoint_8",
    "checkpoint_9"
  ],
  "llc_means": [
    0.32990214228630066,
    0.29892420768737793,
    0.26494085788726807,
    0.3370002806186676,
    0.337309867143631,
    0.3389240503311157,
    0.42384952306747437,
    0.3764888346195221,
    0.3576601445674896,
    0.3377535343170166
  ],
  "llc_stds": [
    0.01702713966369629,
    0.02348853275179863,
    0.023203080520033836,
    0.024109650403261185,
    0.012841999530792236,
    0.02116388827562332,
    0.023255132138729095,
    0.015223225578665733,
    0.020085085183382034,
    0.011960458941757679
  ],
  "mala_rates": [
    0.9692228436470032,
    0.970393180847168,
    0.9697787165641785,
    0.9701024293899536,
    0.9688745737075806,
    0.9692420363426208,
    0.9678120613098145,
    0.9682988524436951,
    0.9705426096916199,
    0.9692180156707764
  ],
  "hyperparams": {
    "epsilon": 1e-06,
    "gamma": 1.0,
    "nbeta": 0.8207331788168325,
    "llc_mean": 0.02955300733447075,
    "llc_std": 0.011636266484856606,
    "llc_std_over_mean": 0.466448038816452,
    "beta_source": "tuned",
    "gamma_source": "fixed_config",
    "mala_acceptance": 0.9578567743301392
  }
}