{
  "checkpoint_names": [
    "checkpoint_0",
    "checkpoint_1",
    "checkpoint_2",
    "checkpoint_3",
    "checkpoint_4",
    "checkpoint_5",
    "checkpoint_6",
    "checkpoint_7",
    "checkpoint_8",
    "checkpoint_9",
    "checkpoint_10",
    "checkpoint_11",
    "checkpoint_12",
    "checkpoint_13",
    "checkpoint_14",
    "checkpoint_15",
    "checkpoint_16",
    "checkpoint_17",
    "checkpoint_18",
    "checkpoint_19",
    "checkpoint_20",
    "checkpoint_21",
    "checkpoint_22",
    "checkpoint_23",
    "checkpoint_24",
    "checkpoint_25",
    "checkpoint_26",
    "checkpoint_27",
    "checkpoint_28",
    "checkpoint_29"
  ],
  "llc_means": [
    0.06103018671274185,
    0.07940255105495453,
    0.09428656846284866,
    0.04704870656132698,
    0.05865773186087608,
    0.023218978196382523,
    0.06280060857534409,
    0.04408402740955353,
    0.04874909296631813,
    0.03458591178059578,
    -0.012209870852530003,
    0.04673567786812782,
    0.12953118979930878,
    0.025982430204749107,
    -0.009600204415619373,
    0.09402421861886978,
    0.0033046507742255926,
    0.053468409925699234,
    0.07501500099897385,
    0.04385604336857796,
    0.0658143162727356,
    0.07004142552614212,
    0.07296529412269592,
    0.09602274745702744,
    0.04768996685743332,
    0.08704007416963577,
    0.0361173041164875,
    0.031004682183265686,
    0.108954519033432,
    0.06847772002220154
  ],
  "llc_stds": [
    0.017054684460163116,
    0.016000311821699142,
    0.018442517146468163,
    0.01084129512310028,
    0.010644100606441498,
    0.010244004428386688,
    0.00996740534901619,
    0.011631017550826073,
    0.00980951264500618,
    0.011402668431401253,
    0.008091975003480911,
    0.012002132833003998,
    0.012970845215022564,
    0.008920201100409031,
    0.008534669876098633,
    0.011551929637789726,
    0.01051446795463562,
    0.011769864708185196,
    0.010231086052954197,
    0.011580083519220352,
    0.009940865449607372,
    0.010572361759841442,
    0.009906480088829994,
    0.011964840814471245,
    0.010460760444402695,
    0.00893579050898552,
    0.009596362709999084,
    0.009946336038410664,
    0.012319632805883884,
    0.011112703010439873
  ],
  "mala_rates": [
    0.9540423154830933,
    0.9532449841499329,
    0.9551373720169067,
    0.9535326361656189,
    0.9534222483634949,
    0.952854335308075,
    0.9529040455818176,
    0.9527340531349182,
    0.9556287527084351,
    0.9600983262062073,
    0.9546674489974976,
    0.9642629623413086,
    0.9658136963844299,
    0.9578602910041809,
    0.9600836038589478,
    0.9587756395339966,
    0.9541605710983276,
    0.9543917179107666,
    0.9523439407348633,
    0.9540773630142212,
    0.9551061391830444,
    0.9568266868591309,
    0.9615061283111572,
    0.9617477655410767,
    0.9582623839378357,
    0.9592585563659668,
    0.9600313305854797,
    0.955890417098999,
    0.9622558355331421,
    0.9566525220870972
  ],
  "hyperparams": {
    "epsilon": 1e-06,
    "gamma": 1.0,
    "nbeta": 0.8207331788168325,
    "llc_mean": 0.02955300733447075,
    "llc_std": 0.011636266484856606,
    "llc_std_over_mean": 0.466448038816452,
    "beta_source": "tuned",
    "gamma_source": "fixed_config",
    "mala_acceptance": 0.9578567743301392
  }
}