{
  "0": {
    "checkpoint": "00001_00000.pth",
    "effective_dimensionality": 15.806347846984863,
    "max_eigenvalue": 11.238055229187012,
    "num_eigenvalues": 50
  },
  "1": {
    "checkpoint": "00011_00000.pth",
    "effective_dimensionality": 12.255349159240723,
    "max_eigenvalue": 4.738780498504639,
    "num_eigenvalues": 50
  },
  "2": {
    "checkpoint": "00021_00000.pth",
    "effective_dimensionality": 10.111465454101562,
    "max_eigenvalue": 3.3482460975646973,
    "num_eigenvalues": 50
  },
  "3": {
    "checkpoint": "00031_00000.pth",
    "effective_dimensionality": 10.340226173400879,
    "max_eigenvalue": 3.2911267280578613,
    "num_eigenvalues": 50
  },
  "4": {
    "checkpoint": "00041_00000.pth",
    "effective_dimensionality": 11.20606517791748,
    "max_eigenvalue": 4.089402675628662,
    "num_eigenvalues": 50
  },
  "5": {
    "checkpoint": "00051_00000.pth",
    "effective_dimensionality": 9.542808532714844,
    "max_eigenvalue": 2.4181387424468994,
    "num_eigenvalues": 50
  },
  "6": {
    "checkpoint": "00061_00000.pth",
    "effective_dimensionality": 9.551487922668457,
    "max_eigenvalue": 2.4733645915985107,
    "num_eigenvalues": 50
  },
  "7": {
    "checkpoint": "00071_00000.pth",
    "effective_dimensionality": 9.99068546295166,
    "max_eigenvalue": 2.710205554962158,
    "num_eigenvalues": 50
  },
  "8": {
    "checkpoint": "00081_00000.pth",
    "effective_dimensionality": 10.177876472473145,
    "max_eigenvalue": 2.8070855140686035,
    "num_eigenvalues": 50
  },
  "9": {
    "checkpoint": "00091_00000.pth",
    "effective_dimensionality": 10.263468742370605,
    "max_eigenvalue": 2.8337514400482178,
    "num_eigenvalues": 50
  }
}