{
  "0": {
    "checkpoint": "00001_00000.pth",
    "effective_dimensionality": 22.003339767456055,
    "max_eigenvalue": 30.229413986206055,
    "num_eigenvalues": 50
  },
  "1": {
    "checkpoint": "00011_00000.pth",
    "effective_dimensionality": 14.383807182312012,
    "max_eigenvalue": 6.248979091644287,
    "num_eigenvalues": 50
  },
  "2": {
    "checkpoint": "00021_00000.pth",
    "effective_dimensionality": 13.325057983398438,
    "max_eigenvalue": 4.942413806915283,
    "num_eigenvalues": 50
  },
  "3": {
    "checkpoint": "00031_00000.pth",
    "effective_dimensionality": 12.682595252990723,
    "max_eigenvalue": 4.640089988708496,
    "num_eigenvalues": 50
  },
  "4": {
    "checkpoint": "00041_00000.pth",
    "effective_dimensionality": 11.482625007629395,
    "max_eigenvalue": 3.217833995819092,
    "num_eigenvalues": 50
  },
  "5": {
    "checkpoint": "00051_00000.pth",
    "effective_dimensionality": 11.096695899963379,
    "max_eigenvalue": 2.8956634998321533,
    "num_eigenvalues": 50
  },
  "6": {
    "checkpoint": "00061_00000.pth",
    "effective_dimensionality": 11.500627517700195,
    "max_eigenvalue": 3.258995771408081,
    "num_eigenvalues": 50
  },
  "7": {
    "checkpoint": "00071_00000.pth",
    "effective_dimensionality": 11.743948936462402,
    "max_eigenvalue": 3.462108612060547,
    "num_eigenvalues": 50
  },
  "8": {
    "checkpoint": "00081_00000.pth",
    "effective_dimensionality": 11.860892295837402,
    "max_eigenvalue": 3.5049707889556885,
    "num_eigenvalues": 50
  },
  "9": {
    "checkpoint": "00091_00000.pth",
    "effective_dimensionality": 11.91763687133789,
    "max_eigenvalue": 3.553032875061035,
    "num_eigenvalues": 50
  }
}