{
  "checkpoint_names": [
    "checkpoint_0",
    "checkpoint_1",
    "checkpoint_2",
    "checkpoint_3",
    "checkpoint_4",
    "checkpoint_5",
    "checkpoint_6",
    "checkpoint_7",
    "checkpoint_8",
    "checkpoint_9"
  ],
  "llc_means": [
    0.2463732212781906,
    0.04918944463133812,
    0.035901058465242386,
    0.05975329875946045,
    0.028918566182255745,
    0.046505436301231384,
    0.03953803330659866,
    0.047130487859249115,
    0.055914659053087234,
    0.05047137662768364
  ],
  "llc_stds": [
    0.01713103987276554,
    0.008801187388598919,
    0.0076771327294409275,
    0.012484168633818626,
    0.006885142531245947,
    0.006649182643741369,
    0.007415274623781443,
    0.009555112570524216,
    0.009086337871849537,
    0.009950784966349602
  ],
  "mala_rates": [
    0.9518226981163025,
    0.9573237299919128,
    0.9580180048942566,
    0.9553762674331665,
    0.9615966081619263,
    0.9552965760231018,
    0.9546696543693542,
    0.9609507918357849,
    0.9518048167228699,
    0.9498509764671326
  ],
  "hyperparams": {
    "epsilon": 1e-06,
    "gamma": 1.0,
    "nbeta": 0.8207331788168325,
    "llc_mean": 0.04552580043673515,
    "llc_std": 0.01280889194458723,
    "llc_std_over_mean": 0.28455737233161926,
    "beta_source": "tuned",
    "gamma_source": "fixed_config",
    "mala_acceptance": 0.9540585875511169
  }
}