{
  "checkpoint_names": [
    "checkpoint_0",
    "checkpoint_1",
    "checkpoint_2",
    "checkpoint_3",
    "checkpoint_4",
    "checkpoint_5",
    "checkpoint_6",
    "checkpoint_7",
    "checkpoint_8",
    "checkpoint_9"
  ],
  "llc_means": [
    0.06208055466413498,
    0.23934321105480194,
    0.20728865265846252,
    0.20766562223434448,
    0.11727158725261688,
    0.5863499641418457,
    3.9240882396698,
    15.362862586975098,
    13.046418190002441,
    13.179727554321289
  ],
  "llc_stds": [
    0.053006090223789215,
    0.05202236399054527,
    0.04397571086883545,
    0.08789321780204773,
    0.03973788022994995,
    0.12437869608402252,
    0.43178924918174744,
    2.0489566326141357,
    0.9128279089927673,
    1.715651512145996
  ],
  "mala_rates": [
    0.8534042835235596,
    0.844823956489563,
    0.8330180644989014,
    0.8491230607032776,
    0.876691460609436,
    0.8518405556678772,
    0.8148465156555176,
    0.7469757795333862,
    0.7813540101051331,
    0.7586067914962769
  ],
  "hyperparams": {
    "epsilon": 1e-06,
    "gamma": 1.0,
    "nbeta": 0.8207331788168325,
    "llc_mean": 22.337181091308594,
    "llc_std": 2.74685001373291,
    "llc_std_over_mean": 0.17927025258541107,
    "beta_source": "tuned",
    "gamma_source": "fixed_config",
    "mala_acceptance": 0.7003889679908752
  }
}