{
  "optimal_params": {
    "epsilon": 9.999999999999999e-05,
    "gamma": 1.0,
    "nbeta": 82.07331788168325,
    "llc_mean": 127.24893188476562,
    "llc_std_over_mean": 0.11458340287208557
  },
  "calibration_epsilons": [
    1e-06,
    1e-05,
    0.0001,
    0.001
  ],
  "calibration_gammas": [
    1.0,
    10.0,
    100.0,
    200.0
  ]
}