{
  "checkpoint_names": [
    "checkpoint_0",
    "checkpoint_1",
    "checkpoint_2",
    "checkpoint_3",
    "checkpoint_4",
    "checkpoint_5",
    "checkpoint_6",
    "checkpoint_7",
    "checkpoint_8",
    "checkpoint_9",
    "checkpoint_10",
    "checkpoint_11",
    "checkpoint_12",
    "checkpoint_13",
    "checkpoint_14",
    "checkpoint_15",
    "checkpoint_16",
    "checkpoint_17",
    "checkpoint_18",
    "checkpoint_19"
  ],
  "llc_means": [
    0.13685861229896545,
    0.45079705119132996,
    0.508874773979187,
    0.484598845243454,
    0.5120579600334167,
    0.8181394338607788,
    0.8272968530654907,
    1.172690987586975,
    1.0109156370162964,
    1.8136990070343018,
    4.287166595458984,
    11.226314544677734,
    15.306011199951172,
    16.422931671142578,
    13.834983825683594,
    17.187223434448242,
    17.992694854736328,
    22.625944137573242,
    26.279335021972656,
    26.13507652282715
  ],
  "llc_stds": [
    0.009555919095873833,
    0.022469427436590195,
    0.03115447424352169,
    0.03855084255337715,
    0.043402545154094696,
    0.10603681206703186,
    0.05999187007546425,
    0.10674598067998886,
    0.10857433080673218,
    0.31818389892578125,
    0.6103322505950928,
    0.9142135381698608,
    1.6350786685943604,
    1.7540040016174316,
    1.4659157991409302,
    2.5832786560058594,
    1.4241158962249756,
    1.2585601806640625,
    3.3478832244873047,
    2.637148141860962
  ],
  "mala_rates": [
    0.8607104420661926,
    0.834221363067627,
    0.8353729844093323,
    0.8596217632293701,
    0.8537110090255737,
    0.869046688079834,
    0.8364104628562927,
    0.8591995239257812,
    0.8505969643592834,
    0.8502092957496643,
    0.8380675315856934,
    0.7847244143486023,
    0.7436546683311462,
    0.7750821113586426,
    0.7467257380485535,
    0.739012598991394,
    0.7091367840766907,
    0.6867533922195435,
    0.6459299325942993,
    0.6391926407814026
  ],
  "hyperparams": {
    "epsilon": 1e-06,
    "gamma": 1.0,
    "nbeta": 0.8207331788168325,
    "llc_mean": 32.172550201416016,
    "llc_std": 7.043189525604248,
    "llc_std_over_mean": 0.20055651664733887,
    "beta_source": "tuned",
    "gamma_source": "fixed_config",
    "mala_acceptance": 0.6582556962966919
  }
}