{
  "checkpoint_names": [
    "checkpoint_0",
    "checkpoint_1",
    "checkpoint_2",
    "checkpoint_3",
    "checkpoint_4",
    "checkpoint_5",
    "checkpoint_6",
    "checkpoint_7",
    "checkpoint_8",
    "checkpoint_9",
    "checkpoint_10",
    "checkpoint_11",
    "checkpoint_12",
    "checkpoint_13",
    "checkpoint_14",
    "checkpoint_15",
    "checkpoint_16",
    "checkpoint_17",
    "checkpoint_18",
    "checkpoint_19",
    "checkpoint_20",
    "checkpoint_21",
    "checkpoint_22",
    "checkpoint_23",
    "checkpoint_24",
    "checkpoint_25",
    "checkpoint_26",
    "checkpoint_27",
    "checkpoint_28",
    "checkpoint_29"
  ],
  "llc_means": [
    0.07621294260025024,
    0.036263804882764816,
    0.046676646918058395,
    0.044421207159757614,
    0.014423511922359467,
    0.01244459766894579,
    0.022421609610319138,
    0.025754187256097794,
    0.009885510429739952,
    0.019785743206739426,
    0.016046537086367607,
    0.01721896603703499,
    0.02916424348950386,
    0.018713250756263733,
    0.016360361129045486,
    0.029814250767230988,
    0.017049118876457214,
    0.021589942276477814,
    0.025673758238554,
    0.025087015703320503,
    0.024637889117002487,
    0.02202766202390194,
    0.026884064078330994,
    0.025277884677052498,
    0.034988757222890854,
    0.01989278569817543,
    0.03036104142665863,
    0.02779492363333702,
    0.04619724303483963,
    0.03878268972039223
  ],
  "llc_stds": [
    0.013293721713125706,
    0.012996237725019455,
    0.010858330875635147,
    0.010239655151963234,
    0.00921719241887331,
    0.007597425486892462,
    0.010191085748374462,
    0.009083086624741554,
    0.007724880240857601,
    0.007656164932996035,
    0.0077338689006865025,
    0.009595588780939579,
    0.008918514475226402,
    0.010905757546424866,
    0.010487277992069721,
    0.009928876534104347,
    0.009450999088585377,
    0.007969559170305729,
    0.007230313494801521,
    0.008165786974132061,
    0.008182728663086891,
    0.007512735202908516,
    0.009343086741864681,
    0.0070303212851285934,
    0.010489866137504578,
    0.00790232140570879,
    0.00871639046818018,
    0.009438910521566868,
    0.009601513855159283,
    0.010703746229410172
  ],
  "mala_rates": [
    0.9568463563919067,
    0.9578218460083008,
    0.9586402773857117,
    0.9557766318321228,
    0.954054594039917,
    0.9535623788833618,
    0.9507609009742737,
    0.9568825364112854,
    0.9533523321151733,
    0.9576092958450317,
    0.9574728012084961,
    0.9602596759796143,
    0.956205427646637,
    0.9527513980865479,
    0.9606401920318604,
    0.9551331400871277,
    0.9571315050125122,
    0.9578015208244324,
    0.9615830183029175,
    0.9596899151802063,
    0.9546567797660828,
    0.9601904153823853,
    0.9565679430961609,
    0.9585685133934021,
    0.9615778923034668,
    0.9505797624588013,
    0.9619603157043457,
    0.9499177932739258,
    0.9555751085281372,
    0.9572262167930603
  ],
  "hyperparams": {
    "epsilon": 1e-06,
    "gamma": 1.0,
    "nbeta": 0.8207331788168325,
    "llc_mean": 0.02955300733447075,
    "llc_std": 0.011636266484856606,
    "llc_std_over_mean": 0.466448038816452,
    "beta_source": "tuned",
    "gamma_source": "fixed_config",
    "mala_acceptance": 0.9578567743301392
  },
  "model_name": "LeNet",
  "dataset_name": "MNIST",
  "defense_method": null,
  "checkpoint_dir": "./models/LeNet_AT/epoch_iter/",
  "num_checkpoints": 30,
  "optimal_params": {
    "epsilon": 1e-06,
    "gamma": 1.0,
    "nbeta": 0.8207331788168325,
    "llc_mean": 0.02955300733447075,
    "llc_std": 0.011636266484856606,
    "llc_std_over_mean": 0.466448038816452,
    "beta_source": "tuned",
    "gamma_source": "fixed_config",
    "mala_acceptance": 0.9578567743301392
  },
  "data_split": "test",
  "data_loader_size": 10000
}