{
  "checkpoint_names": [
    "checkpoint_0",
    "checkpoint_1",
    "checkpoint_2",
    "checkpoint_3",
    "checkpoint_4",
    "checkpoint_5",
    "checkpoint_6",
    "checkpoint_7",
    "checkpoint_8",
    "checkpoint_9",
    "checkpoint_10",
    "checkpoint_11",
    "checkpoint_12",
    "checkpoint_13",
    "checkpoint_14",
    "checkpoint_15",
    "checkpoint_16",
    "checkpoint_17",
    "checkpoint_18",
    "checkpoint_19",
    "checkpoint_20",
    "checkpoint_21",
    "checkpoint_22",
    "checkpoint_23",
    "checkpoint_24",
    "checkpoint_25",
    "checkpoint_26",
    "checkpoint_27",
    "checkpoint_28",
    "checkpoint_29"
  ],
  "llc_means": [
    0.06324424594640732,
    0.11442971229553223,
    0.02243591845035553,
    0.05486670881509781,
    0.05658208206295967,
    0.06066029891371727,
    0.048373494297266006,
    0.040621738880872726,
    0.08408113569021225,
    0.07630479335784912,
    0.047727786004543304,
    0.09250995516777039,
    0.05368875339627266,
    0.03650418296456337,
    0.14244021475315094,
    0.04681674391031265,
    0.03402729704976082,
    0.03893909230828285,
    0.023652154952287674,
    0.024511760100722313,
    0.07770397514104843,
    0.026369035243988037,
    0.05627068132162094,
    0.07766032963991165,
    0.058929089456796646,
    0.05448056384921074,
    0.08000455051660538,
    0.06183899939060211,
    0.04338778555393219,
    0.08513030409812927
  ],
  "llc_stds": [
    0.013084924779832363,
    0.014964183792471886,
    0.010234403423964977,
    0.011004786007106304,
    0.01064904872328043,
    0.010131848976016045,
    0.009939108975231647,
    0.009588010609149933,
    0.00972799677401781,
    0.010170681402087212,
    0.008529232814908028,
    0.010501701384782791,
    0.01002406794577837,
    0.008950095623731613,
    0.013982347212731838,
    0.010652512311935425,
    0.008302794769406319,
    0.012267163954675198,
    0.010174793191254139,
    0.009289982728660107,
    0.010853399522602558,
    0.012179045006632805,
    0.010744933038949966,
    0.010686304420232773,
    0.01094414945691824,
    0.010064271278679371,
    0.01172992866486311,
    0.011195075698196888,
    0.009783757850527763,
    0.008900400251150131
  ],
  "mala_rates": [
    0.9584413766860962,
    0.9601995348930359,
    0.9612363576889038,
    0.9535363912582397,
    0.9601793885231018,
    0.9513199329376221,
    0.9567710757255554,
    0.954048216342926,
    0.9527119398117065,
    0.9636532664299011,
    0.9565457701683044,
    0.9615374207496643,
    0.9523213505744934,
    0.9505755305290222,
    0.9574472308158875,
    0.9579248428344727,
    0.9571492075920105,
    0.9561942219734192,
    0.953914225101471,
    0.9616343379020691,
    0.955547034740448,
    0.9544684886932373,
    0.9541056752204895,
    0.9544647932052612,
    0.9570097923278809,
    0.9616647958755493,
    0.9563637375831604,
    0.9596697092056274,
    0.954420268535614,
    0.9578709006309509
  ],
  "hyperparams": {
    "epsilon": 1e-06,
    "gamma": 1.0,
    "nbeta": 0.8207331788168325,
    "llc_mean": 0.02955300733447075,
    "llc_std": 0.011636266484856606,
    "llc_std_over_mean": 0.466448038816452,
    "beta_source": "tuned",
    "gamma_source": "fixed_config",
    "mala_acceptance": 0.9578567743301392
  },
  "model_name": "LeNet",
  "dataset_name": "MNIST",
  "defense_method": null,
  "checkpoint_dir": "./models/LeNet_AT/epoch_iter/",
  "num_checkpoints": 30,
  "optimal_params": {
    "epsilon": 1e-06,
    "gamma": 1.0,
    "nbeta": 0.8207331788168325,
    "llc_mean": 0.02955300733447075,
    "llc_std": 0.011636266484856606,
    "llc_std_over_mean": 0.466448038816452,
    "beta_source": "tuned",
    "gamma_source": "fixed_config",
    "mala_acceptance": 0.9578567743301392
  },
  "data_split": "test",
  "data_loader_size": 10000
}