{
  "checkpoint_names": [
    "checkpoint_0",
    "checkpoint_1",
    "checkpoint_2",
    "checkpoint_3",
    "checkpoint_4",
    "checkpoint_5",
    "checkpoint_6",
    "checkpoint_7",
    "checkpoint_8",
    "checkpoint_9",
    "checkpoint_10",
    "checkpoint_11",
    "checkpoint_12",
    "checkpoint_13",
    "checkpoint_14",
    "checkpoint_15",
    "checkpoint_16",
    "checkpoint_17",
    "checkpoint_18",
    "checkpoint_19",
    "checkpoint_20",
    "checkpoint_21",
    "checkpoint_22",
    "checkpoint_23",
    "checkpoint_24",
    "checkpoint_25",
    "checkpoint_26",
    "checkpoint_27",
    "checkpoint_28",
    "checkpoint_29"
  ],
  "llc_means": [
    0.09605672955513,
    0.08131569623947144,
    0.13612201809883118,
    0.04000341519713402,
    0.060657110065221786,
    0.042805448174476624,
    0.052120715379714966,
    0.04576350376009941,
    0.03277408704161644,
    0.08016907423734665,
    0.03010323829948902,
    0.017867159098386765,
    0.08939221501350403,
    0.041222527623176575,
    0.027300909161567688,
    0.04871637746691704,
    0.04327903687953949,
    0.046503275632858276,
    0.052427105605602264,
    0.08494600653648376,
    0.06874332576990128,
    0.06183904781937599,
    0.07409419119358063,
    0.12001447379589081,
    0.023877494037151337,
    0.06325645744800568,
    0.0300449226051569,
    0.010077127255499363,
    0.06223556026816368,
    0.07547342032194138
  ],
  "llc_stds": [
    0.013428812846541405,
    0.015544415451586246,
    0.01526903547346592,
    0.009696390479803085,
    0.008865478448569775,
    0.010289203375577927,
    0.011454678140580654,
    0.007949061691761017,
    0.00991510134190321,
    0.00885695405304432,
    0.007905005477368832,
    0.00995678547769785,
    0.010033994913101196,
    0.00739756366237998,
    0.010215731337666512,
    0.011079425923526287,
    0.007226916961371899,
    0.011590295471251011,
    0.010298578068614006,
    0.008844972588121891,
    0.010249041020870209,
    0.010687215253710747,
    0.01148182712495327,
    0.012845377437770367,
    0.00708748260512948,
    0.008630957454442978,
    0.007419503293931484,
    0.007949738763272762,
    0.009697667323052883,
    0.009915804490447044
  ],
  "mala_rates": [
    0.9589802622795105,
    0.9587976336479187,
    0.9573844075202942,
    0.9541624188423157,
    0.9548321962356567,
    0.9558901786804199,
    0.9639213681221008,
    0.9597790837287903,
    0.9537389278411865,
    0.9575846195220947,
    0.958674430847168,
    0.9588640928268433,
    0.9549763202667236,
    0.9619495868682861,
    0.9657544493675232,
    0.9601961374282837,
    0.9552737474441528,
    0.9600352644920349,
    0.9510483145713806,
    0.9613954424858093,
    0.9569501280784607,
    0.9563013315200806,
    0.9537011981010437,
    0.9596521258354187,
    0.9602198004722595,
    0.9569454789161682,
    0.9587743282318115,
    0.9635389447212219,
    0.9540583491325378,
    0.9523490071296692
  ],
  "hyperparams": {
    "epsilon": 1e-06,
    "gamma": 1.0,
    "nbeta": 0.8207331788168325,
    "llc_mean": 0.02955300733447075,
    "llc_std": 0.011636266484856606,
    "llc_std_over_mean": 0.466448038816452,
    "beta_source": "tuned",
    "gamma_source": "fixed_config",
    "mala_acceptance": 0.9578567743301392
  },
  "model_name": "LeNet",
  "dataset_name": "MNIST",
  "defense_method": null,
  "checkpoint_dir": "./models/LeNet_AT/epoch_iter/",
  "num_checkpoints": 30,
  "optimal_params": {
    "epsilon": 1e-06,
    "gamma": 1.0,
    "nbeta": 0.8207331788168325,
    "llc_mean": 0.02955300733447075,
    "llc_std": 0.011636266484856606,
    "llc_std_over_mean": 0.466448038816452,
    "beta_source": "tuned",
    "gamma_source": "fixed_config",
    "mala_acceptance": 0.9578567743301392
  },
  "data_split": "test",
  "data_loader_size": 10000
}