{
  "optimal_params": {
    "epsilon": 9.999999999999999e-05,
    "gamma": 100.0,
    "nbeta": 82.07331788168325,
    "llc_mean": 11.759598731994629,
    "llc_std_over_mean": 0.1335648149251938
  },
  "calibration_epsilons": [
    1e-05,
    0.0001,
    0.001
  ],
  "calibration_gammas": [
    1.0,
    10.0,
    100.0
  ]
}