{
  "model_name": "ResNet18",
  "dataset_name": "CIFAR10",
  "defense_method": "Standard",
  "checkpoint_dir": "./models/ResNet18_Standard/epoch_iter",
  "num_checkpoints": 10,
  "optimal_params": {
    "epsilon": 1e-06,
    "gamma": 1.0,
    "nbeta": 0.8207331788168325,
    "llc_mean": 23.729732513427734,
    "llc_std": 2.8480145931243896,
    "llc_std_over_mean": 0.14330969750881195,
    "beta_source": "tuned",
    "gamma_source": "fixed_config",
    "mala_acceptance": 0.6657158732414246
  },
  "adversarial_config": {
    "attack": "pgd",
    "eps": 0.03137254901960784,
    "steps": 10
  },
  "clean_trajectory": {
    "checkpoint_names": [
      "checkpoint_0",
      "checkpoint_1",
      "checkpoint_2",
      "checkpoint_3",
      "checkpoint_4",
      "checkpoint_5",
      "checkpoint_6",
      "checkpoint_7",
      "checkpoint_8",
      "checkpoint_9"
    ],
    "llc_means": [
      0.0739612951874733,
      0.4994949400424957,
      0.5147339105606079,
      1.356032133102417,
      1.6865483522415161,
      3.212958335876465,
      10.740384101867676,
      14.51562213897705,
      20.269702911376953,
      24.078935623168945
    ],
    "llc_stds": [
      0.024309078231453896,
      0.03738569840788841,
      0.0377616249024868,
      0.1924186497926712,
      0.06082172319293022,
      0.3606680929660797,
      1.8287032842636108,
      1.346612811088562,
      2.6919949054718018,
      2.1389458179473877
    ],
    "mala_rates": [
      0.8226344585418701,
      0.840015709400177,
      0.8549517393112183,
      0.8315443992614746,
      0.8174400329589844,
      0.8254185318946838,
      0.7854833006858826,
      0.7560074329376221,
      0.7062327265739441,
      0.7167916297912598
    ],
    "hyperparams": {
      "epsilon": 1e-06,
      "gamma": 1.0,
      "nbeta": 0.8207331788168325,
      "llc_mean": 23.729732513427734,
      "llc_std": 2.8480145931243896,
      "llc_std_over_mean": 0.14330969750881195,
      "beta_source": "tuned",
      "gamma_source": "fixed_config",
      "mala_acceptance": 0.6657158732414246
    }
  },
  "adversarial_trajectory": {
    "checkpoint_names": [
      "checkpoint_0",
      "checkpoint_1",
      "checkpoint_2",
      "checkpoint_3",
      "checkpoint_4",
      "checkpoint_5",
      "checkpoint_6",
      "checkpoint_7",
      "checkpoint_8",
      "checkpoint_9"
    ],
    "llc_means": [
      null,
      null,
      null,
      null,
      null,
      null,
      null,
      null,
      null,
      null
    ],
    "llc_stds": [
      null,
      null,
      null,
      null,
      null,
      null,
      null,
      null,
      null,
      null
    ],
    "mala_rates": [
      null,
      null,
      null,
      null,
      null,
      null,
      null,
      null,
      null,
      null
    ],
    "hyperparams": {
      "epsilon": 1e-06,
      "gamma": 1.0,
      "nbeta": 0.8207331788168325,
      "llc_mean": 23.729732513427734,
      "llc_std": 2.8480145931243896,
      "llc_std_over_mean": 0.14330969750881195,
      "beta_source": "tuned",
      "gamma_source": "fixed_config",
      "mala_acceptance": 0.6657158732414246
    }
  },
  "checkpoint_names": [
    "checkpoint_0",
    "checkpoint_1",
    "checkpoint_2",
    "checkpoint_3",
    "checkpoint_4",
    "checkpoint_5",
    "checkpoint_6",
    "checkpoint_7",
    "checkpoint_8",
    "checkpoint_9"
  ]
}