{
  "checkpoint_names": [
    "checkpoint_0",
    "checkpoint_1",
    "checkpoint_2",
    "checkpoint_3",
    "checkpoint_4",
    "checkpoint_5",
    "checkpoint_6",
    "checkpoint_7",
    "checkpoint_8",
    "checkpoint_9",
    "checkpoint_10",
    "checkpoint_11",
    "checkpoint_12",
    "checkpoint_13",
    "checkpoint_14",
    "checkpoint_15",
    "checkpoint_16",
    "checkpoint_17",
    "checkpoint_18",
    "checkpoint_19"
  ],
  "llc_means": [
    -0.11268088966608047,
    -0.08161383867263794,
    -0.07828078418970108,
    -0.278154581785202,
    -0.32232773303985596,
    -0.21451501548290253,
    -0.3017435073852539,
    -0.007876927964389324,
    0.18639148771762848,
    -0.288364440202713,
    1.3730254173278809,
    9.804272651672363,
    5.457517623901367,
    8.557336807250977,
    7.466193675994873,
    7.312360763549805,
    13.524996757507324,
    13.572607040405273,
    17.388891220092773,
    20.779272079467773
  ],
  "llc_stds": [
    0.01889961212873459,
    0.030066996812820435,
    0.03412041813135147,
    0.02740413323044777,
    0.02503124624490738,
    0.027285754680633545,
    0.03127693757414818,
    0.07183674722909927,
    0.059601545333862305,
    0.028186235576868057,
    0.23019859194755554,
    1.470759391784668,
    1.1110666990280151,
    1.282131314277649,
    0.9241884350776672,
    0.6510521173477173,
    1.6312282085418701,
    1.439652919769287,
    2.3138678073883057,
    2.5793192386627197
  ],
  "mala_rates": [
    null,
    null,
    null,
    null,
    null,
    null,
    null,
    null,
    null,
    null,
    0.83397376537323,
    0.7900906205177307,
    0.818446159362793,
    0.7779144644737244,
    0.7942609786987305,
    0.791109025478363,
    0.7335570454597473,
    0.705578625202179,
    0.6749157309532166,
    0.6733534932136536
  ],
  "hyperparams": {
    "epsilon": 1e-06,
    "gamma": 1.0,
    "nbeta": 0.8207331788168325,
    "llc_mean": 32.172550201416016,
    "llc_std": 7.043189525604248,
    "llc_std_over_mean": 0.20055651664733887,
    "beta_source": "tuned",
    "gamma_source": "fixed_config",
    "mala_acceptance": 0.6582556962966919
  }
}