{
  "checkpoint_names": [
    "checkpoint_0",
    "checkpoint_1",
    "checkpoint_2",
    "checkpoint_3",
    "checkpoint_4",
    "checkpoint_5",
    "checkpoint_6",
    "checkpoint_7",
    "checkpoint_8",
    "checkpoint_9",
    "checkpoint_10",
    "checkpoint_11",
    "checkpoint_12",
    "checkpoint_13",
    "checkpoint_14",
    "checkpoint_15",
    "checkpoint_16",
    "checkpoint_17",
    "checkpoint_18",
    "checkpoint_19"
  ],
  "llc_means": [
    -0.20942379534244537,
    0.2589867115020752,
    0.19861970841884613,
    0.20480020344257355,
    0.37771129608154297,
    0.3226626515388489,
    0.36152803897857666,
    0.41569578647613525,
    0.7713286876678467,
    0.11657600104808807,
    0.5303707718849182,
    0.9085617065429688,
    3.4971985816955566,
    8.678428649902344,
    8.04715347290039,
    7.612245082855225,
    11.20025634765625,
    10.921050071716309,
    16.065540313720703,
    17.504653930664062
  ],
  "llc_stds": [
    0.04472845792770386,
    0.05208145081996918,
    0.04424018785357475,
    0.07361294329166412,
    0.05659123882651329,
    0.054366372525691986,
    0.039265550673007965,
    0.0561518594622612,
    0.07094211131334305,
    0.053137701004743576,
    0.07634686678647995,
    0.13362690806388855,
    0.5886318683624268,
    1.2765469551086426,
    0.9611611366271973,
    0.4043123126029968,
    1.7985434532165527,
    1.3793158531188965,
    1.824827790260315,
    2.237121105194092
  ],
  "mala_rates": [
    null,
    null,
    null,
    null,
    null,
    null,
    null,
    null,
    null,
    null,
    0.85885089635849,
    0.851116955280304,
    0.8339182138442993,
    0.7826763987541199,
    0.8122887015342712,
    0.7940767407417297,
    0.8118569254875183,
    0.7805275321006775,
    0.7144358158111572,
    0.7133148312568665
  ],
  "hyperparams": {
    "epsilon": 1e-06,
    "gamma": 1.0,
    "nbeta": 0.8207331788168325,
    "llc_mean": 24.340126037597656,
    "llc_std": 3.4429826736450195,
    "llc_std_over_mean": 0.15300410985946655,
    "beta_source": "tuned",
    "gamma_source": "fixed_config",
    "mala_acceptance": 0.6552959084510803
  }
}