{
  "checkpoint_names": [
    "checkpoint_0",
    "checkpoint_1",
    "checkpoint_2",
    "checkpoint_3",
    "checkpoint_4",
    "checkpoint_5",
    "checkpoint_6",
    "checkpoint_7",
    "checkpoint_8",
    "checkpoint_9"
  ],
  "llc_means": [
    83.80970001220703,
    null,
    82.17308807373047,
    null,
    86.300048828125,
    null,
    82.30835723876953,
    null,
    85.50004577636719,
    null,
    88.81848907470703,
    null,
    90.83287811279297,
    null,
    90.03075408935547,
    null,
    82.93860626220703,
    null,
    91.32875061035156,
    null
  ],
  "llc_stds": [
    7.095242023468018,
    null,
    8.136301040649414,
    null,
    7.37562894821167,
    null,
    7.59199333190918,
    null,
    8.841513633728027,
    null,
    7.550102233886719,
    null,
    9.595744132995605,
    null,
    6.778667449951172,
    null,
    7.591341972351074,
    null,
    8.320508003234863,
    null
  ],
  "mala_rates": []}