{
  "checkpoint_names": [
    "checkpoint_0",
    "checkpoint_1",
    "checkpoint_2",
    "checkpoint_3",
    "checkpoint_4",
    "checkpoint_5",
    "checkpoint_6",
    "checkpoint_7",
    "checkpoint_8",
    "checkpoint_9",
    "checkpoint_10",
    "checkpoint_11",
    "checkpoint_12",
    "checkpoint_13",
    "checkpoint_14",
    "checkpoint_15",
    "checkpoint_16",
    "checkpoint_17",
    "checkpoint_18",
    "checkpoint_19"
  ],
  "llc_means": [
    0.002589202020317316,
    0.39340710639953613,
    0.9859175086021423,
    0.40830785036087036,
    0.48894721269607544,
    0.7941953539848328,
    0.7480308413505554,
    0.6457013487815857,
    1.0960211753845215,
    0.535819947719574,
    1.080533504486084,
    3.8269925117492676,
    3.24273681640625,
    5.5336456298828125,
    4.863182544708252,
    6.593924045562744,
    7.155981063842773,
    10.642992973327637,
    7.468192100524902,
    10.830290794372559
  ],
  "llc_stds": [
    0.003918931353837252,
    0.047955479472875595,
    0.051547616720199585,
    0.05108828470110893,
    0.053513675928115845,
    0.17834170162677765,
    0.12870684266090393,
    0.046943504363298416,
    0.1466030776500702,
    0.0708213746547699,
    0.10459703207015991,
    0.3353012800216675,
    0.24990658462047577,
    0.8335483074188232,
    0.3728903830051422,
    0.2901277244091034,
    0.7259204983711243,
    0.7500905394554138,
    0.7058539986610413,
    0.5049015879631042
  ],
  "mala_rates": [
    null,
    null,
    null,
    null,
    null,
    null,
    null,
    null,
    null,
    null,
    null,
    null,
    null,
    null,
    0.8459192514419556,
    0.8301815986633301,
    0.8284075856208801,
    0.81904137134552,
    0.8166744709014893,
    0.7758684158325195
  ],
  "hyperparams": {
    "epsilon": 1e-06,
    "gamma": 1.0,
    "nbeta": 0.8207331788168325,
    "llc_mean": 17.543336868286133,
    "llc_std": 4.092939376831055,
    "llc_std_over_mean": 0.2143622487783432,
    "beta_source": "tuned",
    "gamma_source": "fixed_config",
    "mala_acceptance": 0.727584958076477
  }
}