{
  "checkpoint_names": [
    "checkpoint_0",
    "checkpoint_1",
    "checkpoint_2",
    "checkpoint_3",
    "checkpoint_4",
    "checkpoint_5",
    "checkpoint_6",
    "checkpoint_7",
    "checkpoint_8",
    "checkpoint_9"
  ],
  "llc_means": [
    0.0357043594121933,
    0.025799358263611794,
    0.0493050180375576,
    0.10646925121545792,
    0.06448055058717728,
    0.09084180742502213,
    0.08461496233940125,
    0.0846424549818039,
    0.10373342782258987,
    0.1338120847940445
  ],
  "llc_stds": [
    0.013724864460527897,
    0.007967096753418446,
    0.014229636639356613,
    0.017157241702079773,
    0.013512746430933475,
    0.01632218062877655,
    0.018754933029413223,
    0.013905573636293411,
    0.017933029681444168,
    0.02832922898232937
  ],
  "mala_rates": [
    0.9547734260559082,
    0.9575800895690918,
    0.9554128646850586,
    0.9558451771736145,
    0.9572517275810242,
    0.9610593318939209,
    0.9516411423683167,
    0.949894905090332,
    0.9562392234802246,
    0.9556553959846497
  ],
  "hyperparams": {
    "epsilon": 1e-06,
    "gamma": 1.0,
    "nbeta": 0.8207331788168325,
    "llc_mean": 0.06636686623096466,
    "llc_std": 0.03223911672830582,
    "llc_std_over_mean": 0.46377232670783997,
    "beta_source": "tuned",
    "gamma_source": "fixed_config",
    "mala_acceptance": 0.9585666656494141
  }
}