{
  "checkpoint_names": [
    "checkpoint_0",
    "checkpoint_1",
    "checkpoint_2",
    "checkpoint_3",
    "checkpoint_4",
    "checkpoint_5",
    "checkpoint_6",
    "checkpoint_7",
    "checkpoint_8",
    "checkpoint_9"
  ],
  "llc_means": [
    0.17207658290863037,
    0.08645625412464142,
    0.08794063329696655,
    0.09108149260282516,
    0.09322629123926163,
    0.09613902121782303,
    0.09834608435630798,
    0.11427295953035355,
    0.1510992795228958,
    0.13294364511966705
  ],
  "llc_stds": [
    0.01712319627404213,
    0.012679936364293098,
    0.013474094681441784,
    0.014310745522379875,
    0.013858526013791561,
    0.010906191542744637,
    0.010587092489004135,
    0.011304570361971855,
    0.01306175347417593,
    0.013140259310603142
  ],
  "mala_rates": [
    0.9590708613395691,
    0.9536559581756592,
    0.959907054901123,
    0.9588980674743652,
    0.9597482681274414,
    0.9563112854957581,
    0.9544738531112671,
    0.959256649017334,
    0.9509992599487305,
    0.956184446811676
  ],
  "hyperparams": {
    "epsilon": 1e-06,
    "gamma": 1.0,
    "nbeta": 0.8207331788168325,
    "llc_mean": 0.05333173647522926,
    "llc_std": 0.014287536032497883,
    "llc_std_over_mean": 0.2738426923751831,
    "beta_source": "tuned",
    "gamma_source": "fixed_config",
    "mala_acceptance": 0.9589773416519165
  }
}