{
  "checkpoint_names": [
    "checkpoint_0",
    "checkpoint_1",
    "checkpoint_2",
    "checkpoint_3",
    "checkpoint_4",
    "checkpoint_5",
    "checkpoint_6",
    "checkpoint_7",
    "checkpoint_8",
    "checkpoint_9"
  ],
  "llc_means": [
    0.31990182399749756,
    0.39080703258514404,
    0.27528658509254456,
    0.3234519958496094,
    0.2860330045223236,
    0.370785117149353,
    0.3424512445926666,
    0.363768607378006,
    0.37598878145217896,
    0.3844040632247925
  ],
  "llc_stds": [
    0.012785132974386215,
    0.023780275136232376,
    0.02166750282049179,
    0.031204216182231903,
    0.013225858099758625,
    0.0141316968947649,
    0.027820341289043427,
    0.012227036990225315,
    0.033856820315122604,
    0.02364390343427658
  ],
  "mala_rates": [
    0.9698579907417297,
    0.9667819738388062,
    0.9702415466308594,
    0.9688613414764404,
    0.9699447154998779,
    0.9677131772041321,
    0.9686234593391418,
    0.969204306602478,
    0.969535231590271,
    0.9689189791679382
  ],
  "hyperparams": {
    "epsilon": 1e-06,
    "gamma": 1.0,
    "nbeta": 0.8207331788168325,
    "llc_mean": 0.02955300733447075,
    "llc_std": 0.011636266484856606,
    "llc_std_over_mean": 0.466448038816452,
    "beta_source": "tuned",
    "gamma_source": "fixed_config",
    "mala_acceptance": 0.9578567743301392
  }
}