{
  "optimal_params": {
    "epsilon": 9.999999999999999e-06,
    "gamma": 1.0,
    "nbeta": 0.8207331788168325,
    "llc_mean": 0.4830307066440582,
    "llc_std": 0.379350483417511,
    "llc_std_over_mean": 0.5681649446487427,
    "beta_source": "tuned",
    "gamma_source": "fixed_config",
    "mala_acceptance": 0.8668665885925293
  },
  "calibration_epsilons": [
    1e-06,
    1e-05,
    0.0001,
    0.001
  ],
  "calibration_gammas": [
    1.0,
    10.0,
    100.0,
    200.0
  ]
}