{
  "checkpoint_names": [
    "checkpoint_0",
    "checkpoint_1",
    "checkpoint_2",
    "checkpoint_3",
    "checkpoint_4",
    "checkpoint_5",
    "checkpoint_6",
    "checkpoint_7",
    "checkpoint_8",
    "checkpoint_9"
  ],
  "llc_means": [
    0.2781497538089752,
    0.033901147544384,
    0.02642412669956684,
    0.03440210968255997,
    0.02495194971561432,
    0.03337610885500908,
    0.04909394681453705,
    0.034783754497766495,
    0.04258013144135475,
    0.04511002078652382
  ],
  "llc_stds": [
    0.021834563463926315,
    0.008541563525795937,
    0.008124352432787418,
    0.007371948100626469,
    0.007947132922708988,
    0.008136249147355556,
    0.007646940182894468,
    0.00618407828733325,
    0.008591785095632076,
    0.009289388544857502
  ],
  "mala_rates": [
    0.9588236808776855,
    0.9609997272491455,
    0.9568320512771606,
    0.9596165418624878,
    0.9563207626342773,
    0.9583017826080322,
    0.9534339904785156,
    0.955395519733429,
    0.9562560319900513,
    0.9569944143295288
  ],
  "hyperparams": {
    "epsilon": 1e-06,
    "gamma": 1.0,
    "nbeta": 0.8207331788168325,
    "llc_mean": 0.05333173647522926,
    "llc_std": 0.014287536032497883,
    "llc_std_over_mean": 0.2738426923751831,
    "beta_source": "tuned",
    "gamma_source": "fixed_config",
    "mala_acceptance": 0.9589773416519165
  }
}