{
  "checkpoint_names": [
    "checkpoint_0",
    "checkpoint_1",
    "checkpoint_2",
    "checkpoint_3",
    "checkpoint_4",
    "checkpoint_5",
    "checkpoint_6",
    "checkpoint_7",
    "checkpoint_8",
    "checkpoint_9"
  ],
  "llc_means": [
    0.17266491055488586,
    0.08360225707292557,
    0.16269658505916595,
    0.11706342548131943,
    0.1166100725531578,
    0.09252434968948364,
    0.08612421154975891,
    0.14372451603412628,
    0.10755746811628342,
    0.0945274606347084
  ],
  "llc_stds": [
    0.01543014869093895,
    0.013131525367498398,
    0.013950127176940441,
    0.011897772550582886,
    0.010355409234762192,
    0.013061730191111565,
    0.009004824794828892,
    0.013259249739348888,
    0.013126438483595848,
    0.011440838687121868
  ],
  "mala_rates": [
    0.9564299583435059,
    0.9497576951980591,
    0.9529778361320496,
    0.955970287322998,
    0.9612899422645569,
    0.9527572989463806,
    0.9562597274780273,
    0.956731379032135,
    0.9550682306289673,
    0.9549270272254944
  ],
  "hyperparams": {
    "epsilon": 1e-06,
    "gamma": 1.0,
    "nbeta": 0.8207331788168325,
    "llc_mean": 0.04552580043673515,
    "llc_std": 0.01280889194458723,
    "llc_std_over_mean": 0.28455737233161926,
    "beta_source": "tuned",
    "gamma_source": "fixed_config",
    "mala_acceptance": 0.9540585875511169
  }
}