{
  "model_name": "ResNet18",
  "dataset_name": "CIFAR10",
  "defense_method": "Standard",
  "checkpoint_dir": "./models/ResNet18_Standard/epoch_iter",
  "num_checkpoints": 10,
  "optimal_params": {
    "epsilon": 1e-06,
    "gamma": 1.0,
    "nbeta": 0.8207331788168325,
    "llc_mean": 22.337181091308594,
    "llc_std": 2.74685001373291,
    "llc_std_over_mean": 0.17927025258541107,
    "beta_source": "tuned",
    "gamma_source": "fixed_config",
    "mala_acceptance": 0.7003889679908752
  },
  "adversarial_config": {
    "attack": "pgd",
    "eps": 0.03137254901960784,
    "steps": 10
  },
  "clean_trajectory": {
    "checkpoint_names": [
      "checkpoint_0",
      "checkpoint_1",
      "checkpoint_2",
      "checkpoint_3",
      "checkpoint_4",
      "checkpoint_5",
      "checkpoint_6",
      "checkpoint_7",
      "checkpoint_8",
      "checkpoint_9"
    ],
    "llc_means": [
      0.1311933398246765,
      0.36103999614715576,
      0.48152095079421997,
      1.1071102619171143,
      1.2902555465698242,
      2.775607109069824,
      11.758893013000488,
      16.790462493896484,
      18.252077102661133,
      24.68560028076172
    ],
    "llc_stds": [
      0.023479389026761055,
      0.03780120238661766,
      0.04147803410887718,
      0.03598574176430702,
      0.06425648927688599,
      0.33545631170272827,
      0.7006409764289856,
      2.2734615802764893,
      3.7266101837158203,
      4.381140232086182
    ],
    "mala_rates": [
      0.8410220146179199,
      0.8581898808479309,
      0.8442057371139526,
      0.8327807188034058,
      0.8515137434005737,
      0.8421445488929749,
      0.7931554317474365,
      0.7691797614097595,
      0.7298212051391602,
      0.7184960246086121
    ],
    "hyperparams": {
      "epsilon": 1e-06,
      "gamma": 1.0,
      "nbeta": 0.8207331788168325,
      "llc_mean": 22.337181091308594,
      "llc_std": 2.74685001373291,
      "llc_std_over_mean": 0.17927025258541107,
      "beta_source": "tuned",
      "gamma_source": "fixed_config",
      "mala_acceptance": 0.7003889679908752
    }
  },
  "adversarial_trajectory": {
    "checkpoint_names": [
      "checkpoint_0",
      "checkpoint_1",
      "checkpoint_2",
      "checkpoint_3",
      "checkpoint_4",
      "checkpoint_5",
      "checkpoint_6",
      "checkpoint_7",
      "checkpoint_8",
      "checkpoint_9"
    ],
    "llc_means": [
      null,
      null,
      null,
      null,
      null,
      null,
      null,
      null,
      null,
      null
    ],
    "llc_stds": [
      null,
      null,
      null,
      null,
      null,
      null,
      null,
      null,
      null,
      null
    ],
    "mala_rates": [
      null,
      null,
      null,
      null,
      null,
      null,
      null,
      null,
      null,
      null
    ],
    "hyperparams": {
      "epsilon": 1e-06,
      "gamma": 1.0,
      "nbeta": 0.8207331788168325,
      "llc_mean": 22.337181091308594,
      "llc_std": 2.74685001373291,
      "llc_std_over_mean": 0.17927025258541107,
      "beta_source": "tuned",
      "gamma_source": "fixed_config",
      "mala_acceptance": 0.7003889679908752
    }
  },
  "checkpoint_names": [
    "checkpoint_0",
    "checkpoint_1",
    "checkpoint_2",
    "checkpoint_3",
    "checkpoint_4",
    "checkpoint_5",
    "checkpoint_6",
    "checkpoint_7",
    "checkpoint_8",
    "checkpoint_9"
  ]
}