{
  "model_name": "LeNet",
  "dataset_name": "MNIST",
  "defense_method": "Standard",
  "checkpoint_dir": "./models/LeNet_Standard/epoch_iter",
  "num_checkpoints": 10,
  "optimal_params": {
    "epsilon": 1e-06,
    "gamma": 1.0,
    "nbeta": 0.8207331788168325,
    "llc_mean": 0.06636686623096466,
    "llc_std": 0.03223911672830582,
    "llc_std_over_mean": 0.46377232670783997,
    "beta_source": "tuned",
    "gamma_source": "fixed_config",
    "mala_acceptance": 0.9585666656494141
  },
  "adversarial_config": {
    "attack": "pgd",
    "eps": 0.03137254901960784,
    "steps": 10
  },
  "clean_trajectory": {
    "checkpoint_names": [
      "checkpoint_0",
      "checkpoint_1",
      "checkpoint_2",
      "checkpoint_3",
      "checkpoint_4",
      "checkpoint_5",
      "checkpoint_6",
      "checkpoint_7",
      "checkpoint_8",
      "checkpoint_9"
    ],
    "llc_means": [
      0.0357043594121933,
      0.025799358263611794,
      0.0493050180375576,
      0.10646925121545792,
      0.06448055058717728,
      0.09084180742502213,
      0.08461496233940125,
      0.0846424549818039,
      0.10373342782258987,
      0.1338120847940445
    ],
    "llc_stds": [
      0.013724864460527897,
      0.007967096753418446,
      0.014229636639356613,
      0.017157241702079773,
      0.013512746430933475,
      0.01632218062877655,
      0.018754933029413223,
      0.013905573636293411,
      0.017933029681444168,
      0.02832922898232937
    ],
    "mala_rates": [
      0.9547734260559082,
      0.9575800895690918,
      0.9554128646850586,
      0.9558451771736145,
      0.9572517275810242,
      0.9610593318939209,
      0.9516411423683167,
      0.949894905090332,
      0.9562392234802246,
      0.9556553959846497
    ],
    "hyperparams": {
      "epsilon": 1e-06,
      "gamma": 1.0,
      "nbeta": 0.8207331788168325,
      "llc_mean": 0.06636686623096466,
      "llc_std": 0.03223911672830582,
      "llc_std_over_mean": 0.46377232670783997,
      "beta_source": "tuned",
      "gamma_source": "fixed_config",
      "mala_acceptance": 0.9585666656494141
    }
  },
  "adversarial_trajectory": {
    "checkpoint_names": [
      "checkpoint_0",
      "checkpoint_1",
      "checkpoint_2",
      "checkpoint_3",
      "checkpoint_4",
      "checkpoint_5",
      "checkpoint_6",
      "checkpoint_7",
      "checkpoint_8",
      "checkpoint_9"
    ],
    "llc_means": [
      0.1697760969400406,
      0.10170797258615494,
      0.16218525171279907,
      0.15128332376480103,
      0.13667091727256775,
      0.14536713063716888,
      0.2316145896911621,
      0.16241762042045593,
      0.16107507050037384,
      0.15530867874622345
    ],
    "llc_stds": [
      0.013929572887718678,
      0.008940542116761208,
      0.012963912449777126,
      0.013001241721212864,
      0.012735214084386826,
      0.012692493386566639,
      0.021122872829437256,
      0.0108775170519948,
      0.012636733241379261,
      0.01760811172425747
    ],
    "mala_rates": [
      0.9606490135192871,
      0.9607988595962524,
      0.9566496014595032,
      0.9556975364685059,
      0.9586410522460938,
      0.9563161134719849,
      0.9548870921134949,
      0.9549083113670349,
      0.9604469537734985,
      0.9596223831176758
    ],
    "hyperparams": {
      "epsilon": 1e-06,
      "gamma": 1.0,
      "nbeta": 0.8207331788168325,
      "llc_mean": 0.06636686623096466,
      "llc_std": 0.03223911672830582,
      "llc_std_over_mean": 0.46377232670783997,
      "beta_source": "tuned",
      "gamma_source": "fixed_config",
      "mala_acceptance": 0.9585666656494141
    }
  },
  "checkpoint_names": [
    "checkpoint_0",
    "checkpoint_1",
    "checkpoint_2",
    "checkpoint_3",
    "checkpoint_4",
    "checkpoint_5",
    "checkpoint_6",
    "checkpoint_7",
    "checkpoint_8",
    "checkpoint_9"
  ]
}