{
  "optimal_params": {
    "epsilon": 1e-06,
    "gamma": 1.0,
    "nbeta": 0.8207331788168325,
    "llc_mean": 26.203203201293945,
    "llc_std": 6.557259559631348,
    "llc_std_over_mean": 0.2130042165517807,
    "beta_source": "tuned",
    "gamma_source": "fixed_config",
    "mala_acceptance": 0.7107307314872742
  },
  "calibration_epsilons": [
    1e-06,
    1e-05,
    0.0001,
    0.001
  ],
  "calibration_gammas": [
    1.0,
    10.0,
    100.0,
    200.0
  ]
}