{
  "0": {
    "checkpoint": "00001_00000.pth",
    "effective_dimensionality": 0.6520002484321594,
    "max_eigenvalue": 1.0,
    "num_eigenvalues": 50
  },
  "1": {
    "checkpoint": "00021_00000.pth",
    "effective_dimensionality": 15.511938095092773,
    "max_eigenvalue": 16.057369232177734,
    "num_eigenvalues": 50
  },
  "2": {
    "checkpoint": "00041_00000.pth",
    "effective_dimensionality": 16.023361206054688,
    "max_eigenvalue": 15.166353225708008,
    "num_eigenvalues": 50
  },
  "3": {
    "checkpoint": "00061_00000.pth",
    "effective_dimensionality": 16.10890769958496,
    "max_eigenvalue": 13.1801118850708,
    "num_eigenvalues": 50
  },
  "4": {
    "checkpoint": "00081_00000.pth",
    "effective_dimensionality": 17.192232131958008,
    "max_eigenvalue": 17.71170997619629,
    "num_eigenvalues": 50
  },
  "5": {
    "checkpoint": "00101_00000.pth",
    "effective_dimensionality": 16.808626174926758,
    "max_eigenvalue": 12.979204177856445,
    "num_eigenvalues": 50
  },
  "6": {
    "checkpoint": "00121_00000.pth",
    "effective_dimensionality": 21.256675720214844,
    "max_eigenvalue": 30.873470306396484,
    "num_eigenvalues": 50
  },
  "7": {
    "checkpoint": "00141_00000.pth",
    "effective_dimensionality": 21.261194229125977,
    "max_eigenvalue": 26.550235748291016,
    "num_eigenvalues": 50
  },
  "8": {
    "checkpoint": "00161_00000.pth",
    "effective_dimensionality": 21.47977066040039,
    "max_eigenvalue": 25.39442253112793,
    "num_eigenvalues": 50
  },
  "9": {
    "checkpoint": "00181_00000.pth",
    "effective_dimensionality": 22.407014846801758,
    "max_eigenvalue": 32.95067596435547,
    "num_eigenvalues": 50
  }
}