{
  "checkpoint_names": [
    "checkpoint_0",
    "checkpoint_1",
    "checkpoint_2",
    "checkpoint_3",
    "checkpoint_4",
    "checkpoint_5",
    "checkpoint_6",
    "checkpoint_7",
    "checkpoint_8",
    "checkpoint_9",
    "checkpoint_10",
    "checkpoint_11",
    "checkpoint_12",
    "checkpoint_13",
    "checkpoint_14",
    "checkpoint_15",
    "checkpoint_16",
    "checkpoint_17",
    "checkpoint_18",
    "checkpoint_19",
    "checkpoint_20",
    "checkpoint_21",
    "checkpoint_22",
    "checkpoint_23",
    "checkpoint_24",
    "checkpoint_25",
    "checkpoint_26",
    "checkpoint_27",
    "checkpoint_28",
    "checkpoint_29"
  ],
  "llc_means": [
    0.10157398134469986,
    0.13560813665390015,
    0.10818010568618774,
    0.028981713578104973,
    0.05439407750964165,
    0.048759575933218,
    0.031142733991146088,
    0.08223459124565125,
    0.06246147304773331,
    0.028984613716602325,
    0.08187641203403473,
    0.025392938405275345,
    0.06950952857732773,
    0.014903565868735313,
    -0.0037866372149437666,
    0.07430777698755264,
    0.011460683308541775,
    0.04412262514233589,
    0.0366448312997818,
    0.04163423925638199,
    0.01671256124973297,
    0.09189172834157944,
    0.07354262471199036,
    0.08562298864126205,
    0.05607742816209793,
    0.06856010109186172,
    0.0750666931271553,
    0.10944566130638123,
    0.03750373423099518,
    0.05457542464137077
  ],
  "llc_stds": [
    0.011288106441497803,
    0.01702442765235901,
    0.018264425918459892,
    0.012933067046105862,
    0.012411641888320446,
    0.008450966328382492,
    0.011120767332613468,
    0.012870028614997864,
    0.00912728812545538,
    0.008407623507082462,
    0.01279926486313343,
    0.010825456120073795,
    0.012598520144820213,
    0.008747485466301441,
    0.011533084325492382,
    0.00950869545340538,
    0.00953869428485632,
    0.011559182778000832,
    0.008391780778765678,
    0.008877584710717201,
    0.009352386929094791,
    0.0105851786211133,
    0.01103841420263052,
    0.012153245508670807,
    0.00998692587018013,
    0.008478525094687939,
    0.009381097741425037,
    0.011288653127849102,
    0.009085648693144321,
    0.011023028753697872
  ],
  "mala_rates": [
    0.9512441158294678,
    0.9559860229492188,
    0.9527913331985474,
    0.9549831748008728,
    0.9585428237915039,
    0.9549014568328857,
    0.9550927877426147,
    0.9607309103012085,
    0.9562702775001526,
    0.9588990211486816,
    0.957405686378479,
    0.9554872512817383,
    0.9550951719284058,
    0.952483057975769,
    0.9514638185501099,
    0.9569962024688721,
    0.9579681158065796,
    0.9565451741218567,
    0.9639844298362732,
    0.9571807384490967,
    0.9608997702598572,
    0.9589042663574219,
    0.9574715495109558,
    0.9528055787086487,
    0.9608279466629028,
    0.9552240967750549,
    0.9532583355903625,
    0.9558781385421753,
    0.9570528864860535,
    0.9546191692352295
  ],
  "hyperparams": {
    "epsilon": 1e-06,
    "gamma": 1.0,
    "nbeta": 0.8207331788168325,
    "llc_mean": 0.02955300733447075,
    "llc_std": 0.011636266484856606,
    "llc_std_over_mean": 0.466448038816452,
    "beta_source": "tuned",
    "gamma_source": "fixed_config",
    "mala_acceptance": 0.9578567743301392
  }
}