{
  "checkpoint_names": [
    "checkpoint_0",
    "checkpoint_1",
    "checkpoint_2",
    "checkpoint_3",
    "checkpoint_4",
    "checkpoint_5",
    "checkpoint_6",
    "checkpoint_7",
    "checkpoint_8",
    "checkpoint_9"
  ],
  "llc_means": [
    0.31990182399749756,
    0.39080703258514404,
    0.27528658509254456,
    0.3234519958496094,
    0.2860330045223236,
    0.370785117149353,
    0.3424512445926666,
    0.363768607378006,
    0.37598878145217896,
    0.3844040632247925
  ],
  "llc_stds": [
    0.012785132974386215,
    0.023780275136232376,
    0.02166750282049179,
    0.031204216182231903,
    0.013225858099758625,
    0.0141316968947649,
    0.027820341289043427,
    0.012227036990225315,
    0.033856820315122604,
    0.02364390343427658
  ],
  "mala_rates": [
    "0.969858",
    "0.966782",
    "0.97024155",
    "0.96886134",
    "0.9699447",
    "0.9677132",
    "0.96862346",
    "0.9692043",
    "0.96953523",
    "0.968919"
  ],
  "hyperparams": {
    "epsilon": 1e-06,
    "gamma": 1.0,
    "nbeta": 0.8207331788168325,
    "llc_mean": 0.02955300733447075,
    "llc_std": 0.011636266484856606,
    "llc_std_over_mean": 0.466448038816452,
    "beta_source": "tuned",
    "gamma_source": "fixed_config",
    "mala_acceptance": 0.9578567743301392
  },
  "model_name": "LeNet",
  "dataset_name": "MNIST",
  "defense_method": "AT",
  "checkpoint_dir": "./models/LeNet_AT/epoch_iter/",
  "num_checkpoints": 10,
  "optimal_params": {
    "epsilon": 1e-06,
    "gamma": 1.0,
    "nbeta": 0.8207331788168325,
    "llc_mean": 0.02955300733447075,
    "llc_std": 0.011636266484856606,
    "llc_std_over_mean": 0.466448038816452,
    "beta_source": "tuned",
    "gamma_source": "fixed_config",
    "mala_acceptance": 0.9578567743301392
  },
  "data_split": "train",
  "data_loader_size": 60000
}