{
  "checkpoint_names": [
    "checkpoint_0",
    "checkpoint_1",
    "checkpoint_2",
    "checkpoint_3",
    "checkpoint_4",
    "checkpoint_5",
    "checkpoint_6",
    "checkpoint_7",
    "checkpoint_8",
    "checkpoint_9"
  ],
  "llc_means": [
    0.2343306690454483,
    0.04364638030529022,
    0.03458696976304054,
    0.034610845148563385,
    0.044472869485616684,
    0.03605543449521065,
    0.04462844505906105,
    0.048120249062776566,
    0.03883500397205353,
    0.057289570569992065
  ],
  "llc_stds": [
    0.025094199925661087,
    0.009788132272660732,
    0.007831314578652382,
    0.010151861235499382,
    0.008231118321418762,
    0.007699896581470966,
    0.010632161051034927,
    0.007366448175162077,
    0.007046803366392851,
    0.009113430045545101
  ],
  "mala_rates": [
    0.9609029293060303,
    0.9593806266784668,
    0.9587478041648865,
    0.9598811268806458,
    0.9601988792419434,
    0.9622341990470886,
    0.9548141360282898,
    0.9596079587936401,
    0.9570019841194153,
    0.9580870866775513
  ],
  "hyperparams": {
    "epsilon": 1e-06,
    "gamma": 1.0,
    "nbeta": 0.8207331788168325,
    "llc_mean": 0.048558615148067474,
    "llc_std": 0.01194167509675026,
    "llc_std_over_mean": 0.27430540323257446,
    "beta_source": "tuned",
    "gamma_source": "fixed_config",
    "mala_acceptance": 0.9581142067909241
  }
}