{
  "checkpoint_names": [
    "checkpoint_0",
    "checkpoint_1",
    "checkpoint_2",
    "checkpoint_3",
    "checkpoint_4",
    "checkpoint_5",
    "checkpoint_6",
    "checkpoint_7",
    "checkpoint_8",
    "checkpoint_9",
    "checkpoint_10",
    "checkpoint_11",
    "checkpoint_12",
    "checkpoint_13",
    "checkpoint_14",
    "checkpoint_15",
    "checkpoint_16",
    "checkpoint_17",
    "checkpoint_18",
    "checkpoint_19",
    "checkpoint_20",
    "checkpoint_21",
    "checkpoint_22",
    "checkpoint_23",
    "checkpoint_24",
    "checkpoint_25",
    "checkpoint_26",
    "checkpoint_27",
    "checkpoint_28",
    "checkpoint_29"
  ],
  "llc_means": [
    0.07200887799263,
    0.030912648886442184,
    0.04173847660422325,
    0.03797822445631027,
    0.03916412964463234,
    0.022936608642339706,
    0.060535021126270294,
    0.07165475189685822,
    0.029317233711481094,
    0.05221430957317352,
    0.07427142560482025,
    0.028486210852861404,
    0.05924458056688309,
    0.0520256944000721,
    0.07389459758996964,
    0.058732323348522186,
    0.04834791272878647,
    0.03789135068655014,
    0.05297458544373512,
    0.10020182281732559,
    0.06868326663970947,
    0.10042380541563034,
    0.0717647597193718,
    0.045808300375938416,
    0.11779171973466873,
    0.1016475185751915,
    0.09022055566310883,
    0.09011939913034439,
    0.055419206619262695,
    0.0677153468132019
  ],
  "llc_stds": [
    0.013461057096719742,
    0.010001448914408684,
    0.011664880439639091,
    0.009504393674433231,
    0.011498235166072845,
    0.010698895901441574,
    0.013401023112237453,
    0.015393564477562904,
    0.009483539499342442,
    0.012674481607973576,
    0.016703151166439056,
    0.010837440378963947,
    0.015892300754785538,
    0.015861764550209045,
    0.01910964958369732,
    0.014951140619814396,
    0.012050618417561054,
    0.008502451702952385,
    0.012877602130174637,
    0.016648827120661736,
    0.014464875683188438,
    0.018344158306717873,
    0.01581409014761448,
    0.01750628463923931,
    0.02192939817905426,
    0.023293951526284218,
    0.0177852101624012,
    0.01837391033768654,
    0.012611297890543938,
    0.017350725829601288
  ],
  "mala_rates": [
    0.9514991044998169,
    0.9555497169494629,
    0.9610685110092163,
    0.9548237919807434,
    0.9545340538024902,
    0.9606181383132935,
    0.9581943154335022,
    0.9550498723983765,
    0.9581710696220398,
    0.9570419788360596,
    0.9576742053031921,
    0.9567275047302246,
    0.9525665044784546,
    0.9541323781013489,
    0.95269376039505,
    0.9503100514411926,
    0.9547697305679321,
    0.9549728035926819,
    0.9554418325424194,
    0.9540103077888489,
    0.9600652456283569,
    0.9537526369094849,
    0.9615632891654968,
    0.9549148678779602,
    0.9592705368995667,
    0.9509803652763367,
    0.9576752185821533,
    0.9550054669380188,
    0.958105742931366,
    0.9523229002952576
  ],
  "hyperparams": {
    "epsilon": 1e-06,
    "gamma": 1.0,
    "nbeta": 0.8207331788168325,
    "llc_mean": 0.06636686623096466,
    "llc_std": 0.03223911672830582,
    "llc_std_over_mean": 0.46377232670783997,
    "beta_source": "tuned",
    "gamma_source": "fixed_config",
    "mala_acceptance": 0.9585666656494141
  },
  "model_name": "LeNet",
  "dataset_name": "MNIST",
  "defense_method": "Unknown",
  "checkpoint_dir": "./models/LeNet_Standard/epoch_iter/",
  "num_checkpoints": 30,
  "optimal_params": {
    "epsilon": 1e-06,
    "gamma": 1.0,
    "nbeta": 0.8207331788168325,
    "llc_mean": 0.06636686623096466,
    "llc_std": 0.03223911672830582,
    "llc_std_over_mean": 0.46377232670783997,
    "beta_source": "tuned",
    "gamma_source": "fixed_config",
    "mala_acceptance": 0.9585666656494141
  },
  "data_split": "test",
  "data_loader_size": 10000
}