{
  "checkpoint_names": [
    "checkpoint_0",
    "checkpoint_1",
    "checkpoint_2",
    "checkpoint_3",
    "checkpoint_4",
    "checkpoint_5",
    "checkpoint_6",
    "checkpoint_7",
    "checkpoint_8",
    "checkpoint_9"
  ],
  "llc_means": [
    0.10765562206506729,
    0.03266902267932892,
    0.056083131581544876,
    0.05382392555475235,
    0.06103629618883133,
    0.09075536578893661,
    0.04235433414578438,
    0.05849885568022728,
    0.04095717892050743,
    0.055897247046232224
  ],
  "llc_stds": [
    0.01397409662604332,
    0.009872108697891235,
    0.010114113800227642,
    0.011348050087690353,
    0.008290117606520653,
    0.011760019697248936,
    0.01007294375449419,
    0.010260521434247494,
    0.009123182855546474,
    0.009137171320617199
  ],
  "mala_rates": [
    0.9561765789985657,
    0.9536200761795044,
    0.96051025390625,
    0.9559603929519653,
    0.9525982737541199,
    0.9587542414665222,
    0.9560452699661255,
    0.9568344354629517,
    0.9541294574737549,
    0.9515549540519714
  ],
  "hyperparams": {
    "epsilon": 1e-06,
    "gamma": 1.0,
    "nbeta": 0.8207331788168325,
    "llc_mean": 0.02955300733447075,
    "llc_std": 0.011636266484856606,
    "llc_std_over_mean": 0.466448038816452,
    "beta_source": "tuned",
    "gamma_source": "fixed_config",
    "mala_acceptance": 0.9578567743301392
  }
}