{
  "checkpoint_names": [
    "checkpoint_0",
    "checkpoint_1",
    "checkpoint_2",
    "checkpoint_3",
    "checkpoint_4",
    "checkpoint_5",
    "checkpoint_6",
    "checkpoint_7",
    "checkpoint_8",
    "checkpoint_9"
  ],
  "llc_means": [
    0.09433069080114365,
    0.02536029741168022,
    0.019763991236686707,
    0.028018297627568245,
    0.02764079160988331,
    0.020849324762821198,
    0.026636622846126556,
    0.02760019153356552,
    0.025108540430665016,
    0.04036618769168854
  ],
  "llc_stds": [
    0.013765129260718822,
    0.007380210794508457,
    0.007536770310252905,
    0.007978051900863647,
    0.007017193827778101,
    0.005821194965392351,
    0.007538614794611931,
    0.006957136560231447,
    0.007547029759734869,
    0.009010318666696548
  ],
  "mala_rates": [
    0.9526196122169495,
    0.957605242729187,
    0.9583405256271362,
    0.9563865065574646,
    0.9586883783340454,
    0.954914391040802,
    0.9613744020462036,
    0.9523485898971558,
    0.9547111988067627,
    0.9528465270996094
  ],
  "hyperparams": {
    "epsilon": 1e-06,
    "gamma": 1.0,
    "nbeta": 0.8207331788168325,
    "llc_mean": 0.02955300733447075,
    "llc_std": 0.011636266484856606,
    "llc_std_over_mean": 0.466448038816452,
    "beta_source": "tuned",
    "gamma_source": "fixed_config",
    "mala_acceptance": 0.9578567743301392
  }
}