{
  "checkpoint_names": [
    "checkpoint_0",
    "checkpoint_1",
    "checkpoint_2",
    "checkpoint_3",
    "checkpoint_4",
    "checkpoint_5",
    "checkpoint_6",
    "checkpoint_7",
    "checkpoint_8",
    "checkpoint_9"
  ],
  "llc_means": [
    0.1697760969400406,
    0.10170797258615494,
    0.16218525171279907,
    0.15128332376480103,
    0.13667091727256775,
    0.14536713063716888,
    0.2316145896911621,
    0.16241762042045593,
    0.16107507050037384,
    0.15530867874622345
  ],
  "llc_stds": [
    0.013929572887718678,
    0.008940542116761208,
    0.012963912449777126,
    0.013001241721212864,
    0.012735214084386826,
    0.012692493386566639,
    0.021122872829437256,
    0.0108775170519948,
    0.012636733241379261,
    0.01760811172425747
  ],
  "mala_rates": [
    0.9606490135192871,
    0.9607988595962524,
    0.9566496014595032,
    0.9556975364685059,
    0.9586410522460938,
    0.9563161134719849,
    0.9548870921134949,
    0.9549083113670349,
    0.9604469537734985,
    0.9596223831176758
  ],
  "hyperparams": {
    "epsilon": 1e-06,
    "gamma": 1.0,
    "nbeta": 0.8207331788168325,
    "llc_mean": 0.06636686623096466,
    "llc_std": 0.03223911672830582,
    "llc_std_over_mean": 0.46377232670783997,
    "beta_source": "tuned",
    "gamma_source": "fixed_config",
    "mala_acceptance": 0.9585666656494141
  }
}