{
  "checkpoint_names": [
    "checkpoint_0",
    "checkpoint_1",
    "checkpoint_2",
    "checkpoint_3",
    "checkpoint_4",
    "checkpoint_5",
    "checkpoint_6",
    "checkpoint_7",
    "checkpoint_8",
    "checkpoint_9"
  ],
  "llc_means": [
    0.1965259611606598,
    0.12269499897956848,
    0.16950884461402893,
    0.15315896272659302,
    0.16074523329734802,
    0.18540069460868835,
    0.19773730635643005,
    0.1384871006011963,
    0.18833684921264648,
    0.18893739581108093
  ],
  "llc_stds": [
    0.012728352099657059,
    0.01185354683548212,
    0.018053993582725525,
    0.015065389685332775,
    0.014576644636690617,
    0.015448550693690777,
    0.013786043971776962,
    0.015076834708452225,
    0.014288621954619884,
    0.01725745014846325
  ],
  "mala_rates": [
    0.9574505686759949,
    0.9563059210777283,
    0.9537786245346069,
    0.956730306148529,
    0.9565770030021667,
    0.9577183127403259,
    0.9543161988258362,
    0.9599428176879883,
    0.955548107624054,
    0.9541735053062439
  ],
  "hyperparams": {
    "epsilon": 1e-06,
    "gamma": 1.0,
    "nbeta": 0.8207331788168325,
    "llc_mean": 0.06636686623096466,
    "llc_std": 0.03223911672830582,
    "llc_std_over_mean": 0.46377232670783997,
    "beta_source": "tuned",
    "gamma_source": "fixed_config",
    "mala_acceptance": 0.9585666656494141
  }
}