{
  "checkpoint_names": [
    "checkpoint_0",
    "checkpoint_1",
    "checkpoint_2",
    "checkpoint_3",
    "checkpoint_4",
    "checkpoint_5",
    "checkpoint_6",
    "checkpoint_7",
    "checkpoint_8",
    "checkpoint_9",
    "checkpoint_10",
    "checkpoint_11",
    "checkpoint_12",
    "checkpoint_13",
    "checkpoint_14",
    "checkpoint_15",
    "checkpoint_16",
    "checkpoint_17",
    "checkpoint_18",
    "checkpoint_19"
  ],
  "llc_means": [
    0.030575226992368698,
    0.4742935597896576,
    0.34313759207725525,
    0.4690224528312683,
    0.5833011269569397,
    0.5263609886169434,
    1.2081103324890137,
    1.3228799104690552,
    2.103241443634033,
    1.5866459608078003,
    2.1626932621002197,
    3.3715410232543945,
    6.898684501647949,
    10.110939025878906,
    14.183889389038086,
    15.821381568908691,
    15.214546203613281,
    18.238611221313477,
    21.445327758789062,
    24.081981658935547
  ],
  "llc_stds": [
    0.021055089309811592,
    0.041417934000492096,
    0.027886608615517616,
    0.04113155975937843,
    0.047670990228652954,
    0.06900255382061005,
    0.07736913859844208,
    0.051577817648649216,
    0.1354149729013443,
    0.0788971409201622,
    0.24402980506420135,
    0.326577365398407,
    0.5958020091056824,
    1.6879675388336182,
    1.6511226892471313,
    1.5098413228988647,
    1.526381254196167,
    1.7468125820159912,
    2.8810982704162598,
    1.730413556098938
  ],
  "mala_rates": [
    0.8482915163040161,
    0.8454080820083618,
    0.8684956431388855,
    0.8328478336334229,
    0.8269771933555603,
    0.8378866314888,
    0.8273059129714966,
    0.8181986212730408,
    0.8545644283294678,
    0.8846517205238342,
    0.8235015869140625,
    0.8377280831336975,
    0.8433331251144409,
    0.7487116456031799,
    0.7666150331497192,
    0.776703417301178,
    0.765202522277832,
    0.7259434461593628,
    0.7006708383560181,
    0.707955002784729
  ],
  "hyperparams": {
    "epsilon": 1e-06,
    "gamma": 1.0,
    "nbeta": 0.8207331788168325,
    "llc_mean": 24.340126037597656,
    "llc_std": 3.4429826736450195,
    "llc_std_over_mean": 0.15300410985946655,
    "beta_source": "tuned",
    "gamma_source": "fixed_config",
    "mala_acceptance": 0.6552959084510803
  }
}