{
  "checkpoint_names": [
    "checkpoint_0",
    "checkpoint_1",
    "checkpoint_2",
    "checkpoint_3",
    "checkpoint_4",
    "checkpoint_5",
    "checkpoint_6",
    "checkpoint_7",
    "checkpoint_8",
    "checkpoint_9"
  ],
  "llc_means": [
    0.29536446928977966,
    0.047289978712797165,
    0.04419860988855362,
    0.038173697888851166,
    0.042894430458545685,
    0.057896558195352554,
    0.03935563191771507,
    0.03969910368323326,
    0.07239535450935364,
    0.052983470261096954
  ],
  "llc_stds": [
    0.025064006447792053,
    0.010043639689683914,
    0.008209776133298874,
    0.009644215926527977,
    0.010258716531097889,
    0.01037205196917057,
    0.010158088989555836,
    0.009791046380996704,
    0.010444913990795612,
    0.008708572015166283
  ],
  "mala_rates": [
    0.9500706791877747,
    0.9566818475723267,
    0.9537222981452942,
    0.9568537473678589,
    0.9591112732887268,
    0.9575738906860352,
    0.9605799913406372,
    0.9529228210449219,
    0.9606626033782959,
    0.9567891955375671
  ],
  "hyperparams": {
    "epsilon": 1e-06,
    "gamma": 1.0,
    "nbeta": 0.8207331788168325,
    "llc_mean": 0.0440264530479908,
    "llc_std": 0.012214061804115772,
    "llc_std_over_mean": 0.2757786810398102,
    "beta_source": "tuned",
    "gamma_source": "fixed_config",
    "mala_acceptance": 0.9566356539726257
  }
}