{
  "optimal_params": {
    "epsilon": 1e-06,
    "gamma": 1.0,
    "nbeta": 0.8207331788168325,
    "llc_mean": 25.333372116088867,
    "llc_std": 4.9227423667907715,
    "llc_std_over_mean": 0.19470781087875366,
    "beta_source": "tuned",
    "gamma_source": "fixed_config",
    "mala_acceptance": 0.683905839920044
  },
  "calibration_epsilons": [
    1e-06,
    1e-05,
    0.0001,
    0.001
  ],
  "calibration_gammas": [
    1.0,
    10.0,
    100.0,
    200.0
  ]
}