{
  "checkpoint_names": [
    "checkpoint_0",
    "checkpoint_1",
    "checkpoint_2",
    "checkpoint_3",
    "checkpoint_4",
    "checkpoint_5",
    "checkpoint_6",
    "checkpoint_7",
    "checkpoint_8",
    "checkpoint_9",
    "checkpoint_10",
    "checkpoint_11",
    "checkpoint_12",
    "checkpoint_13",
    "checkpoint_14",
    "checkpoint_15",
    "checkpoint_16",
    "checkpoint_17",
    "checkpoint_18",
    "checkpoint_19",
    "checkpoint_20",
    "checkpoint_21",
    "checkpoint_22",
    "checkpoint_23",
    "checkpoint_24",
    "checkpoint_25",
    "checkpoint_26",
    "checkpoint_27",
    "checkpoint_28",
    "checkpoint_29"
  ],
  "llc_means": [
    0.08617248386144638,
    0.03274531662464142,
    0.024535946547985077,
    0.03747370094060898,
    0.045327771455049515,
    0.0659131109714508,
    0.052842553704977036,
    0.05052569881081581,
    0.07467785477638245,
    0.05940888077020645,
    0.0463743731379509,
    0.07505969703197479,
    0.08935549110174179,
    0.17753037810325623,
    0.04842831566929817,
    0.06401791423559189,
    0.08059647679328918,
    0.13677729666233063,
    0.08262383192777634,
    0.06009621173143387,
    0.09704995900392532,
    0.11251837760210037,
    0.09311983734369278,
    0.05942113324999809,
    0.09904428571462631,
    0.13354536890983582,
    0.10978169739246368,
    0.037081602960824966,
    0.07585950940847397,
    0.0719631239771843
  ],
  "llc_stds": [
    0.012592452578246593,
    0.01260761171579361,
    0.01044419128447771,
    0.00979658868163824,
    0.01472772378474474,
    0.015273476019501686,
    0.01227080449461937,
    0.011037123389542103,
    0.018558979034423828,
    0.014501667581498623,
    0.013151285238564014,
    0.01445232518017292,
    0.016540193930268288,
    0.025006579235196114,
    0.01621837355196476,
    0.017712250351905823,
    0.017198262736201286,
    0.025060154497623444,
    0.018720610067248344,
    0.015898652374744415,
    0.01898774690926075,
    0.021018702536821365,
    0.0183844156563282,
    0.016239440068602562,
    0.020610012114048004,
    0.023041702806949615,
    0.02288094535470009,
    0.015510892495512962,
    0.0170810017734766,
    0.015823306515812874
  ],
  "mala_rates": [
    0.9569870233535767,
    0.9625136852264404,
    0.9551726579666138,
    0.9565585255622864,
    0.9559270739555359,
    0.9536704421043396,
    0.954542338848114,
    0.955436110496521,
    0.9549664855003357,
    0.9559698104858398,
    0.953840434551239,
    0.9589152932167053,
    0.9557701945304871,
    0.9519171714782715,
    0.9562647342681885,
    0.9503886699676514,
    0.9587313532829285,
    0.9464377760887146,
    0.9532612562179565,
    0.9593651294708252,
    0.9575998187065125,
    0.9541933536529541,
    0.9511711001396179,
    0.9535804986953735,
    0.9511479139328003,
    0.9488263130187988,
    0.9515137076377869,
    0.952866792678833,
    0.9472806453704834,
    0.9606088399887085
  ],
  "hyperparams": {
    "epsilon": 1e-06,
    "gamma": 1.0,
    "nbeta": 0.8207331788168325,
    "llc_mean": 0.06636686623096466,
    "llc_std": 0.03223911672830582,
    "llc_std_over_mean": 0.46377232670783997,
    "beta_source": "tuned",
    "gamma_source": "fixed_config",
    "mala_acceptance": 0.9585666656494141
  },
  "model_name": "LeNet",
  "dataset_name": "MNIST",
  "defense_method": "Unknown",
  "checkpoint_dir": "./models/LeNet_Standard/epoch_iter/",
  "num_checkpoints": 30,
  "optimal_params": {
    "epsilon": 1e-06,
    "gamma": 1.0,
    "nbeta": 0.8207331788168325,
    "llc_mean": 0.06636686623096466,
    "llc_std": 0.03223911672830582,
    "llc_std_over_mean": 0.46377232670783997,
    "beta_source": "tuned",
    "gamma_source": "fixed_config",
    "mala_acceptance": 0.9585666656494141
  },
  "data_split": "test",
  "data_loader_size": 10000
}