{
  "checkpoint_names": [
    "checkpoint_0",
    "checkpoint_1",
    "checkpoint_2",
    "checkpoint_3",
    "checkpoint_4",
    "checkpoint_5",
    "checkpoint_6",
    "checkpoint_7",
    "checkpoint_8",
    "checkpoint_9",
    "checkpoint_10",
    "checkpoint_11",
    "checkpoint_12",
    "checkpoint_13",
    "checkpoint_14",
    "checkpoint_15",
    "checkpoint_16",
    "checkpoint_17",
    "checkpoint_18",
    "checkpoint_19"
  ],
  "llc_means": [
    0.001529816654510796,
    0.30856233835220337,
    0.5423829555511475,
    0.5996699333190918,
    0.562431812286377,
    0.9745020270347595,
    0.6961662769317627,
    0.6925809979438782,
    0.5765371918678284,
    0.5216507911682129,
    3.225780963897705,
    12.280158996582031,
    13.218636512756348,
    13.831336975097656,
    12.575470924377441,
    16.114482879638672,
    24.8699893951416,
    33.09461975097656,
    39.87290573120117,
    34.592193603515625
  ],
  "llc_stds": [
    0.001594534725882113,
    0.027990475296974182,
    0.061299074441194534,
    0.06834879517555237,
    0.04834571108222008,
    0.07605531811714172,
    0.06744398921728134,
    0.04748224839568138,
    0.07986564189195633,
    0.04562006890773773,
    0.3558792471885681,
    1.1031595468521118,
    0.926131546497345,
    0.9068495035171509,
    0.6314297914505005,
    0.5266777276992798,
    1.1400878429412842,
    2.650980234146118,
    3.4397780895233154,
    3.994072675704956
  ],
  "mala_rates": [
    0.8684202432632446,
    0.8495886921882629,
    0.871077299118042,
    0.8556339740753174,
    0.8440126776695251,
    0.8309274911880493,
    0.8647491931915283,
    0.8590500354766846,
    0.8585236072540283,
    0.8793858885765076,
    0.8655622005462646,
    0.8002119064331055,
    0.7992505431175232,
    0.7809255123138428,
    0.789982795715332,
    0.7258738279342651,
    0.698939323425293,
    0.6329397559165955,
    0.6853052973747253,
    0.6417195796966553
  ],
  "hyperparams": {
    "epsilon": 1e-06,
    "gamma": 1.0,
    "nbeta": 0.8207331788168325,
    "llc_mean": 35.7037353515625,
    "llc_std": 10.345020294189453,
    "llc_std_over_mean": 0.2453930526971817,
    "beta_source": "tuned",
    "gamma_source": "fixed_config",
    "mala_acceptance": 0.6576098799705505
  }
}