{
  "overall": {
    "total_models": 10,
    "mean_llc": 16.46230768598616,
    "std_llc": 13.611215780045853,
    "min_llc": 0.04036618769168854,
    "max_llc": 34.592193603515625
  },
  "by_robustness": {
    "Robust": {
      "count": 7,
      "mean": 17.57606469573719,
      "std": 14.906327934173131,
      "min": 0.04036618769168854,
      "max": 34.592193603515625
    },
    "Vulnerable": {
      "count": 3,
      "mean": 13.863541329900423,
      "std": 12.354172124308972,
      "min": 0.1338120847940445,
      "max": 24.081981658935547
    }
  },
  "by_defense_method": {
    "AT_AWP": {
      "count": 2,
      "mean": 17.08159303665161,
      "std": 15.659575247476928,
      "min": 6.008601188659668,
      "max": 28.154584884643555
    },
    "AT": {
      "count": 3,
      "mean": 20.255878771344822,
      "std": 18.010577977788408,
      "min": 0.04036618769168854,
      "max": 34.592193603515625
    },
    "TRADES": {
      "count": 1,
      "mean": 0.04511002078652382,
      "std": NaN,
      "min": 0.04511002078652382,
      "max": 0.04511002078652382
    },
    "Standard": {
      "count": 3,
      "mean": 13.863541329900423,
      "std": 12.354172124308972,
      "min": 0.1338120847940445,
      "max": 24.081981658935547
    },
    "MART": {
      "count": 1,
      "mean": 28.056520462036133,
      "std": NaN,
      "min": 28.056520462036133,
      "max": 28.056520462036133
    }
  },
  "by_model": {
    "VGG11": {
      "count": 3,
      "mean": 26.707202911376953,
      "std": 8.699458958971361,
      "min": 17.37483024597168,
      "max": 34.592193603515625
    },
    "ResNet18": {
      "count": 4,
      "mean": 21.070544958114624,
      "std": 10.171598281958692,
      "min": 6.008601188659668,
      "max": 28.056520462036133
    },
    "LeNet": {
      "count": 3,
      "mean": 0.07309609775741895,
      "std": 0.05263505770379352,
      "min": 0.04036618769168854,
      "max": 0.1338120847940445
    }
  }
}