{
  "checkpoint_names": [
    "checkpoint_0",
    "checkpoint_1",
    "checkpoint_2",
    "checkpoint_3",
    "checkpoint_4",
    "checkpoint_5",
    "checkpoint_6",
    "checkpoint_7",
    "checkpoint_8",
    "checkpoint_9",
    "checkpoint_10",
    "checkpoint_11",
    "checkpoint_12",
    "checkpoint_13",
    "checkpoint_14",
    "checkpoint_15",
    "checkpoint_16",
    "checkpoint_17",
    "checkpoint_18",
    "checkpoint_19"
  ],
  "llc_means": [
    0.0002008908923016861,
    0.03711744770407677,
    0.19328004121780396,
    0.18391065299510956,
    0.21293850243091583,
    0.18129080533981323,
    0.13567790389060974,
    0.13442957401275635,
    -0.22195984423160553,
    0.03374471515417099,
    0.6818017363548279,
    4.579009532928467,
    6.607257843017578,
    6.63326358795166,
    4.98103141784668,
    10.627023696899414,
    11.931870460510254,
    18.826881408691406,
    27.530315399169922,
    20.976890563964844
  ],
  "llc_stds": [
    0.001423769281245768,
    0.03592381253838539,
    0.04105682671070099,
    0.05142388120293617,
    0.05581074208021164,
    0.08457346260547638,
    0.053542736917734146,
    0.04160621017217636,
    0.04564584791660309,
    0.02542528696358204,
    0.13498082756996155,
    0.5279718637466431,
    0.6287312507629395,
    0.5315494537353516,
    0.2956322133541107,
    0.544559121131897,
    0.9227349162101746,
    4.117420673370361,
    2.1470232009887695,
    1.2398792505264282
  ],
  "mala_rates": [
    null,
    null,
    null,
    null,
    null,
    null,
    null,
    null,
    null,
    null,
    null,
    null,
    null,
    null,
    0.8188247680664062,
    0.8292725086212158,
    0.7757278680801392,
    0.7562215924263,
    0.7140091061592102,
    0.7303130626678467
  ],
  "hyperparams": {
    "epsilon": 1e-06,
    "gamma": 1.0,
    "nbeta": 0.8207331788168325,
    "llc_mean": 35.7037353515625,
    "llc_std": 10.345020294189453,
    "llc_std_over_mean": 0.2453930526971817,
    "beta_source": "tuned",
    "gamma_source": "fixed_config",
    "mala_acceptance": 0.6576098799705505
  }
}