{
  "checkpoint_names": [
    "checkpoint_0",
    "checkpoint_1",
    "checkpoint_2",
    "checkpoint_3",
    "checkpoint_4",
    "checkpoint_5",
    "checkpoint_6",
    "checkpoint_7",
    "checkpoint_8",
    "checkpoint_9",
    "checkpoint_10",
    "checkpoint_11",
    "checkpoint_12",
    "checkpoint_13",
    "checkpoint_14",
    "checkpoint_15",
    "checkpoint_16",
    "checkpoint_17",
    "checkpoint_18",
    "checkpoint_19",
    "checkpoint_20",
    "checkpoint_21",
    "checkpoint_22",
    "checkpoint_23",
    "checkpoint_24",
    "checkpoint_25",
    "checkpoint_26",
    "checkpoint_27",
    "checkpoint_28",
    "checkpoint_29"
  ],
  "llc_means": [
    0.09427128732204437,
    0.07615450769662857,
    0.07007499784231186,
    0.060489773750305176,
    0.05030404403805733,
    0.015207991935312748,
    0.009305380284786224,
    0.07549543678760529,
    0.041266754269599915,
    0.05976208299398422,
    0.03665934130549431,
    0.034426361322402954,
    0.018268298357725143,
    0.052936915308237076,
    0.002983617829158902,
    0.024559669196605682,
    0.03363747522234917,
    0.04180235415697098,
    0.039516154676675797,
    0.0401436947286129,
    0.07591893523931503,
    0.059782907366752625,
    0.05040053278207779,
    0.054083358496427536,
    0.04753457382321358,
    0.03825141116976738,
    0.057030096650123596,
    0.06316720694303513,
    0.07157766819000244,
    0.06530873477458954
  ],
  "llc_stds": [
    0.013332189992070198,
    0.017117077484726906,
    0.011626455001533031,
    0.012956304475665092,
    0.00984219741076231,
    0.008163698017597198,
    0.007803965359926224,
    0.009854789823293686,
    0.010653058998286724,
    0.00802415981888771,
    0.008437925018370152,
    0.007490318734198809,
    0.009322809055447578,
    0.007855639792978764,
    0.00985427014529705,
    0.008948447182774544,
    0.00764833576977253,
    0.009631594642996788,
    0.010004641488194466,
    0.01115049421787262,
    0.010478808544576168,
    0.0095440112054348,
    0.008838747628033161,
    0.008550693280994892,
    0.010110605508089066,
    0.008051695302128792,
    0.007663911208510399,
    0.008863065391778946,
    0.007472450844943523,
    0.009305913932621479
  ],
  "mala_rates": [
    0.9572581052780151,
    0.9572573900222778,
    0.9595721364021301,
    0.9615266919136047,
    0.9512964487075806,
    0.9520469903945923,
    0.962745189666748,
    0.9528334736824036,
    0.9620523452758789,
    0.9553382396697998,
    0.9584853649139404,
    0.954548180103302,
    0.9536596536636353,
    0.957949161529541,
    0.9598246812820435,
    0.9613001346588135,
    0.9580970406532288,
    0.958832859992981,
    0.9597742557525635,
    0.9597651362419128,
    0.959436297416687,
    0.9602215886116028,
    0.9590174555778503,
    0.9553684592247009,
    0.9543958902359009,
    0.9571868777275085,
    0.9593983888626099,
    0.9582910537719727,
    0.9598121643066406,
    0.9516963362693787
  ],
  "hyperparams": {
    "epsilon": 1e-06,
    "gamma": 1.0,
    "nbeta": 0.8207331788168325,
    "llc_mean": 0.02955300733447075,
    "llc_std": 0.011636266484856606,
    "llc_std_over_mean": 0.466448038816452,
    "beta_source": "tuned",
    "gamma_source": "fixed_config",
    "mala_acceptance": 0.9578567743301392
  }
}