{
  "checkpoint_names": [
    "checkpoint_0",
    "checkpoint_1",
    "checkpoint_2",
    "checkpoint_3",
    "checkpoint_4",
    "checkpoint_5",
    "checkpoint_6",
    "checkpoint_7",
    "checkpoint_8",
    "checkpoint_9",
    "checkpoint_10",
    "checkpoint_11",
    "checkpoint_12",
    "checkpoint_13",
    "checkpoint_14",
    "checkpoint_15",
    "checkpoint_16",
    "checkpoint_17",
    "checkpoint_18",
    "checkpoint_19"
  ],
  "llc_means": [
    -0.002226087963208556,
    0.003941683564335108,
    25.72592544555664,
    0.7799707651138306,
    2.4028682708740234,
    2.7021355628967285,
    1.6462180614471436,
    3.702575922012329,
    2.1859476566314697,
    3.6643853187561035,
    6.387250900268555,
    10.958968162536621,
    14.792140007019043,
    16.595495223999023,
    15.932964324951172,
    17.214746475219727,
    21.749675750732422,
    22.998395919799805,
    25.97540855407715,
    28.154584884643555
  ],
  "llc_stds": [
    0.002359444508329034,
    0.008391028270125389,
    2.097167491912842,
    0.13937893509864807,
    0.444333016872406,
    0.4150477349758148,
    0.24436679482460022,
    0.4533464014530182,
    0.1722060889005661,
    0.23073257505893707,
    1.253638505935669,
    1.1408257484436035,
    1.6529231071472168,
    1.347927212715149,
    2.1866815090179443,
    1.1270692348480225,
    1.2759970426559448,
    1.186382532119751,
    3.1258256435394287,
    3.2767512798309326
  ],
  "mala_rates": [
    0.9024821519851685,
    0.8560829758644104,
    0.7203618884086609,
    0.8697673082351685,
    0.8331946730613708,
    0.8517948985099792,
    0.8556360006332397,
    0.8395683765411377,
    0.8462021350860596,
    0.8400408029556274,
    0.8311740159988403,
    0.7560098767280579,
    0.771885335445404,
    0.7658440470695496,
    0.7417231202125549,
    0.7654953002929688,
    0.7456062436103821,
    0.7655510306358337,
    0.7100614309310913,
    0.6878604292869568
  ],
  "hyperparams": {
    "epsilon": 1e-06,
    "gamma": 1.0,
    "nbeta": 0.8207331788168325,
    "llc_mean": 26.203203201293945,
    "llc_std": 6.557259559631348,
    "llc_std_over_mean": 0.2130042165517807,
    "beta_source": "tuned",
    "gamma_source": "fixed_config",
    "mala_acceptance": 0.7107307314872742
  }
}