{
  "checkpoint_names": [
    "checkpoint_0",
    "checkpoint_1",
    "checkpoint_2",
    "checkpoint_3",
    "checkpoint_4",
    "checkpoint_5",
    "checkpoint_6",
    "checkpoint_7",
    "checkpoint_8",
    "checkpoint_9",
    "checkpoint_10",
    "checkpoint_11",
    "checkpoint_12",
    "checkpoint_13",
    "checkpoint_14",
    "checkpoint_15",
    "checkpoint_16",
    "checkpoint_17",
    "checkpoint_18",
    "checkpoint_19"
  ],
  "llc_means": [
    0.0006312828045338392,
    0.36264148354530334,
    0.02191358245909214,
    -0.09360092878341675,
    -0.2370024472475052,
    0.28853240609169006,
    -0.04522101581096649,
    0.9153430461883545,
    2.1663658618927,
    1.9340776205062866,
    2.2919414043426514,
    7.5946855545043945,
    10.865758895874023,
    7.135781288146973,
    5.926815032958984,
    11.407867431640625,
    12.363090515136719,
    15.996376037597656,
    17.12587547302246,
    20.09683609008789
  ],
  "llc_stds": [
    0.0008982050931081176,
    0.041737474501132965,
    0.021242652088403702,
    0.019220151007175446,
    0.017419476062059402,
    0.13760055601596832,
    0.07263156771659851,
    0.7572109699249268,
    0.6458302736282349,
    0.43864667415618896,
    1.0570158958435059,
    1.3130972385406494,
    1.468100666999817,
    2.2034404277801514,
    1.0594507455825806,
    1.1056462526321411,
    1.8485748767852783,
    1.336484670639038,
    3.104665517807007,
    1.6939879655838013
  ],
  "mala_rates": [
    null,
    null,
    null,
    null,
    null,
    null,
    null,
    null,
    null,
    null,
    0.8316782116889954,
    0.8003361821174622,
    0.7594273686408997,
    0.7876975536346436,
    0.8274973034858704,
    0.7333940267562866,
    0.7568299174308777,
    0.7098633050918579,
    0.658042848110199,
    0.695338785648346
  ],
  "hyperparams": {
    "epsilon": 1e-06,
    "gamma": 1.0,
    "nbeta": 0.8207331788168325,
    "llc_mean": 29.329540252685547,
    "llc_std": 4.1916704177856445,
    "llc_std_over_mean": 0.1576152890920639,
    "beta_source": "tuned",
    "gamma_source": "fixed_config",
    "mala_acceptance": 0.6514272093772888
  }
}