{
  "model_name": "LeNet",
  "dataset_name": "MNIST",
  "defense_method": "AT",
  "checkpoint_dir": "./models/LeNet_AT/epoch_iter",
  "num_checkpoints": 10,
  "optimal_params": {
    "epsilon": 1e-06,
    "gamma": 1.0,
    "nbeta": 0.8207331788168325,
    "llc_mean": 0.02647603675723076,
    "llc_std": 0.008557685650885105,
    "llc_std_over_mean": 0.34892287850379944,
    "beta_source": "tuned",
    "gamma_source": "fixed_config",
    "mala_acceptance": 0.9539772272109985
  },
  "adversarial_config": {
    "attack": "pgd",
    "eps": 0.03137254901960784,
    "steps": 10
  },
  "clean_trajectory": {
    "checkpoint_names": [
      "checkpoint_0",
      "checkpoint_1",
      "checkpoint_2",
      "checkpoint_3",
      "checkpoint_4",
      "checkpoint_5",
      "checkpoint_6",
      "checkpoint_7",
      "checkpoint_8",
      "checkpoint_9"
    ],
    "llc_means": [
      0.13754726946353912,
      0.027139117941260338,
      0.018262187018990517,
      0.03327897936105728,
      0.02109489217400551,
      0.028425268828868866,
      0.023757094517350197,
      0.027258634567260742,
      0.0404343381524086,
      0.026424624025821686
    ],
    "llc_stds": [
      0.02337653934955597,
      0.008736962452530861,
      0.009705781936645508,
      0.006966883782297373,
      0.00527806393802166,
      0.006256796419620514,
      0.008244579657912254,
      0.008273418061435223,
      0.011185443960130215,
      0.007102075032889843
    ],
    "mala_rates": [
      0.9521010518074036,
      0.9597705006599426,
      0.9580288529396057,
      0.96235191822052,
      0.9561170339584351,
      0.9584693908691406,
      0.9634632468223572,
      0.955478847026825,
      0.952549159526825,
      0.9608383178710938
    ],
    "hyperparams": {
      "epsilon": 1e-06,
      "gamma": 1.0,
      "nbeta": 0.8207331788168325,
      "llc_mean": 0.02647603675723076,
      "llc_std": 0.008557685650885105,
      "llc_std_over_mean": 0.34892287850379944,
      "beta_source": "tuned",
      "gamma_source": "fixed_config",
      "mala_acceptance": 0.9539772272109985
    }
  },
  "adversarial_trajectory": {
    "checkpoint_names": [
      "checkpoint_0",
      "checkpoint_1",
      "checkpoint_2",
      "checkpoint_3",
      "checkpoint_4",
      "checkpoint_5",
      "checkpoint_6",
      "checkpoint_7",
      "checkpoint_8",
      "checkpoint_9"
    ],
    "llc_means": [
      null,
      null,
      null,
      null,
      null,
      null,
      null,
      null,
      null,
      null
    ],
    "llc_stds": [
      null,
      null,
      null,
      null,
      null,
      null,
      null,
      null,
      null,
      null
    ],
    "mala_rates": [
      null,
      null,
      null,
      null,
      null,
      null,
      null,
      null,
      null,
      null
    ],
    "hyperparams": {
      "epsilon": 1e-06,
      "gamma": 1.0,
      "nbeta": 0.8207331788168325,
      "llc_mean": 0.02647603675723076,
      "llc_std": 0.008557685650885105,
      "llc_std_over_mean": 0.34892287850379944,
      "beta_source": "tuned",
      "gamma_source": "fixed_config",
      "mala_acceptance": 0.9539772272109985
    }
  },
  "checkpoint_names": [
    "checkpoint_0",
    "checkpoint_1",
    "checkpoint_2",
    "checkpoint_3",
    "checkpoint_4",
    "checkpoint_5",
    "checkpoint_6",
    "checkpoint_7",
    "checkpoint_8",
    "checkpoint_9"
  ]
}