{
  "checkpoint_names": [
    "checkpoint_0",
    "checkpoint_1",
    "checkpoint_2",
    "checkpoint_3",
    "checkpoint_4",
    "checkpoint_5",
    "checkpoint_6",
    "checkpoint_7",
    "checkpoint_8",
    "checkpoint_9",
    "checkpoint_10",
    "checkpoint_11",
    "checkpoint_12",
    "checkpoint_13",
    "checkpoint_14",
    "checkpoint_15",
    "checkpoint_16",
    "checkpoint_17",
    "checkpoint_18",
    "checkpoint_19"
  ],
  "llc_means": [
    0.015208196826279163,
    0.24713128805160522,
    0.4871770441532135,
    0.3994975984096527,
    0.5955098271369934,
    0.5996655821800232,
    1.016455054283142,
    0.7017621397972107,
    1.71770441532135,
    2.4354889392852783,
    2.903285503387451,
    3.290686845779419,
    5.7378034591674805,
    9.070783615112305,
    11.802057266235352,
    11.309617042541504,
    14.038607597351074,
    14.2096586227417,
    14.573494911193848,
    17.37483024597168
  ],
  "llc_stds": [
    0.009416109882295132,
    0.04458407312631607,
    0.04249456152319908,
    0.042472731322050095,
    0.10197116434574127,
    0.082516610622406,
    0.20582802593708038,
    0.07870913296937943,
    0.2452492117881775,
    0.18285493552684784,
    0.3020275831222534,
    0.28227972984313965,
    0.6487637162208557,
    0.6745192408561707,
    1.3273224830627441,
    0.8465925455093384,
    0.8972376585006714,
    1.6458020210266113,
    0.6344202756881714,
    0.7867714166641235
  ],
  "mala_rates": [
    0.8908603191375732,
    0.8554237484931946,
    0.859192430973053,
    0.8712370991706848,
    0.8481775522232056,
    0.8898996114730835,
    0.8488960266113281,
    0.8367422223091125,
    0.8416861891746521,
    0.8740318417549133,
    0.8820083737373352,
    0.8590962290763855,
    0.8151664137840271,
    0.7937463521957397,
    0.7650141716003418,
    0.7949961423873901,
    0.7386084794998169,
    0.8068596124649048,
    0.7377707958221436,
    0.7033190131187439
  ],
  "hyperparams": {
    "epsilon": 1e-06,
    "gamma": 1.0,
    "nbeta": 0.8207331788168325,
    "llc_mean": 17.543336868286133,
    "llc_std": 4.092939376831055,
    "llc_std_over_mean": 0.2143622487783432,
    "beta_source": "tuned",
    "gamma_source": "fixed_config",
    "mala_acceptance": 0.727584958076477
  }
}