{
  "optimal_params": {
    "epsilon": 1e-06,
    "gamma": 1.0,
    "nbeta": 0.8207331788168325,
    "llc_mean": 0.043565697968006134,
    "llc_std": 0.018075304105877876,
    "llc_std_over_mean": 0.48908811807632446,
    "beta_source": "tuned",
    "gamma_source": "fixed_config",
    "mala_acceptance": 0.9602750539779663
  },
  "calibration_epsilons": [
    1e-06,
    1e-05,
    0.0001,
    0.001
  ],
  "calibration_gammas": [
    1.0,
    10.0,
    100.0,
    200.0
  ]
}